ap,p,t,B,lfc
0.996,0.000105,-6.1686837,-3.38,-0.7042584
0.996,0.000198,-5.6945524,-3.44,-1.46825362
0.996,0.000219,-5.6242074,-3.44,-1.8579745
0.996,0.000225,-5.6022024,-3.45,-1.49228104
0.996,0.000269,5.4752226,-3.46,0.6522448
0.996,0.000271,5.4717637,-3.46,1.33326422
0.996,0.000303,5.3906069,-3.48,0.69699522
0.996,0.000347,5.2973055,-3.49,0.82036468
0.996,0.000382,-5.2293849,-3.5,-1.15554626
0.996,0.000463,-5.0975867,-3.52,-1.9001556
0.996,0.000485,5.0658542,-3.52,0.73528478
0.996,0.000603,-4.9180578,-3.55,-1.8714311
0.996,0.000658,4.8603164,-3.56,0.70433394
0.996,0.00067,-4.8478252,-3.56,-0.97333288
0.996,0.000674,-4.8439548,-3.56,-0.8024241
0.996,0.000691,4.82674,-3.56,0.7866967
0.996,0.000709,4.8099402,-3.56,0.91957676
0.996,0.000749,4.7733537,-3.57,0.59644564
0.996,0.000832,4.7042955,-3.58,0.9847044
0.996,0.000847,-4.6927165,-3.58,-0.70319964
0.996,0.000897,-4.6543952,-3.59,-1.41148798
0.996,0.000941,-4.6233281,-3.6,-1.2396588
0.996,0.001075,4.5366567,-3.61,1.07335108
0.996,0.001078,4.5346545,-3.61,0.95360352
0.996,0.001099,-4.5226651,-3.61,-0.87825888
0.996,0.001161,-4.4871217,-3.62,-1.28059436
0.996,0.001194,-4.4689869,-3.62,-0.52272954
0.996,0.001196,-4.4677452,-3.62,-0.8567121
0.996,0.001245,4.4419522,-3.63,0.90602468
0.996,0.00126,-4.4340038,-3.63,-0.73395948
0.996,0.001266,-4.4309631,-3.63,-0.60388944
0.996,0.001281,4.4235274,-3.63,0.64620718
0.996,0.001341,4.3942308,-3.64,0.67617396
0.996,0.001385,4.3735775,-3.64,0.5127288
0.996,0.001392,4.3705975,-3.64,0.4366046
0.996,0.001408,4.3629353,-3.65,1.00475188
0.996,0.001415,4.3598604,-3.65,0.78034122
0.996,0.00142,4.3576137,-3.65,0.97717082
0.996,0.00146,4.3402081,-3.65,0.49315
0.996,0.001463,-4.3386951,-3.65,-1.02366758
0.996,0.001464,-4.3382666,-3.65,-0.862862
0.996,0.001465,-4.3379022,-3.65,-1.40774196
0.996,0.001469,4.3361257,-3.65,0.5985518
0.996,0.001471,-4.3352296,-3.65,-2.01719666
0.996,0.001508,4.3192351,-3.65,0.4177659
0.996,0.001534,4.3086529,-3.66,0.49434912
0.996,0.001564,4.2961517,-3.66,0.68615116
0.996,0.001578,-4.290657,-3.66,-0.88709196
0.996,0.00159,4.2857308,-3.66,0.7478676
0.996,0.00159,4.2855818,-3.66,0.4051798
0.996,0.001617,4.275021,-3.66,0.97075474
0.996,0.001621,-4.2736723,-3.66,-0.91150794
0.996,0.001625,-4.2721358,-3.66,-1.56328698
0.996,0.001642,4.265446,-3.66,1.008641
0.996,0.001659,-4.2588135,-3.67,-1.15017812
0.996,0.001668,-4.2553945,-3.67,-0.61557978
0.996,0.00167,4.2545999,-3.67,1.09082688
0.996,0.001681,4.2504356,-3.67,1.0527009
0.996,0.001744,4.2273946,-3.67,0.5392512
0.996,0.001794,-4.2094836,-3.68,-1.4273966
0.996,0.001794,4.2094709,-3.68,0.39219804
0.996,0.001829,4.1971904,-3.68,0.76316412
0.996,0.00186,4.1866271,-3.68,1.02366538
0.996,0.001877,4.1811157,-3.68,1.12783034
0.996,0.001886,-4.1781604,-3.68,-1.3235433
0.996,0.001892,4.1760195,-3.68,0.8142342
0.996,0.001931,4.1632511,-3.69,0.7578498
0.996,0.001935,4.1620261,-3.69,0.49161308
0.996,0.001935,4.1617586,-3.69,0.54269198
0.996,0.001987,4.1452126,-3.69,0.55159352
0.996,0.001999,4.1414473,-3.69,0.71039604
0.996,0.002006,4.1392959,-3.69,0.83716362
0.996,0.002026,4.1329637,-3.69,0.4438941
0.996,0.002061,-4.1223272,-3.69,-2.42133178
0.996,0.002062,4.1222061,-3.69,0.52598538
0.996,0.002117,4.1056354,-3.7,0.6562126
0.996,0.002136,4.1001826,-3.7,0.81458456
0.996,0.002185,4.0859079,-3.7,1.17743656
0.996,0.002218,4.0766266,-3.7,0.74193876
0.996,0.002231,4.0728691,-3.7,0.65996628
0.996,0.002249,4.0680081,-3.71,0.60295992
0.996,0.002261,4.0646974,-3.71,0.33075538
0.996,0.002271,-4.0617774,-3.71,-2.05056922
0.996,0.002273,-4.0612859,-3.71,-1.04345382
0.996,0.002277,-4.06021,-3.71,-0.98119906
0.996,0.002283,4.058464,-3.71,0.5986585
0.996,0.002288,-4.0571369,-3.71,-1.33007418
0.996,0.002315,-4.049901,-3.71,-0.60470332
0.996,0.002361,4.037675,-3.71,0.6272424
0.996,0.002366,4.0363272,-3.71,0.50197394
0.996,0.002384,4.0317944,-3.71,0.51599662
0.996,0.002405,4.0262059,-3.71,0.70715956
0.996,0.002409,4.0252933,-3.71,1.52533732
0.996,0.002413,-4.024179,-3.72,-0.93754368
0.996,0.002413,4.024105,-3.72,1.51256542
0.996,0.002424,-4.0214511,-3.72,-0.38622814
0.996,0.002453,4.0140564,-3.72,0.51674842
0.996,0.002565,-3.9862278,-3.72,-0.92878606
0.996,0.002571,-3.9849584,-3.72,-0.5744564
0.996,0.002584,3.9818044,-3.72,1.0477406
0.996,0.002599,-3.9781501,-3.73,-1.08351658
0.996,0.002606,-3.9766275,-3.73,-0.714497
0.996,0.002614,3.9746317,-3.73,1.0820852
0.996,0.002616,-3.9741986,-3.73,-0.6876814
0.996,0.002617,3.9738995,-3.73,1.09018932
0.996,0.002655,3.9650937,-3.73,1.40184028
0.996,0.002659,-3.9641982,-3.73,-0.82857248
0.996,0.002663,3.9632604,-3.73,0.5425581
0.996,0.002771,3.9386575,-3.73,0.65630818
0.996,0.002842,3.9229971,-3.74,0.95626726
0.996,0.002869,3.9173123,-3.74,0.7286264
0.996,0.002891,3.9126299,-3.74,0.6677287
0.996,0.002891,3.9125779,-3.74,0.60585706
0.996,0.002909,3.9086252,-3.74,1.0992721
0.996,0.002971,-3.8957144,-3.74,-0.91774548
0.996,0.002987,3.8924996,-3.74,0.47104136
0.996,0.002998,-3.8901475,-3.74,-0.90969628
0.996,0.003022,3.8852761,-3.75,1.1904872
0.996,0.003031,3.8834587,-3.75,0.82950182
0.996,0.003124,-3.8649886,-3.75,-1.0384453
0.996,0.003152,3.8594073,-3.75,0.87646646
0.996,0.003168,-3.8563202,-3.75,-1.39711184
0.996,0.003257,3.839449,-3.76,0.578588
0.996,0.003262,3.8384023,-3.76,0.9602031
0.996,0.003282,3.8346693,-3.76,0.40257256
0.996,0.003327,3.8264618,-3.76,1.19190852
0.996,0.003344,3.8232473,-3.76,0.7982488
0.996,0.003361,3.8202124,-3.76,2.56857508
0.996,0.003381,-3.8166505,-3.76,-1.06755286
0.996,0.003444,3.8052976,-3.76,0.4484657
0.996,0.003474,-3.7999528,-3.77,-1.0371918
0.996,0.003478,3.7992452,-3.77,0.79529006
0.996,0.003515,3.792805,-3.77,0.7492785
0.996,0.003517,-3.7925566,-3.77,-0.35688024
0.996,0.00354,3.7885059,-3.77,0.7438401
0.996,0.003543,3.7880299,-3.77,0.60443706
0.996,0.003552,-3.7865263,-3.77,-0.589093
0.996,0.003585,-3.7809016,-3.77,-1.60836992
0.996,0.003587,3.7805119,-3.77,0.5236222
0.996,0.00369,-3.7632835,-3.77,-2.13613246
0.996,0.003724,3.757727,-3.78,0.56153612
0.996,0.003753,3.752996,-3.78,0.90538258
0.996,0.003771,-3.7501217,-3.78,-0.9631486
0.996,0.003787,3.747566,-3.78,0.56246588
0.996,0.003805,3.7445646,-3.78,0.78443884
0.996,0.003825,3.7414997,-3.78,0.7011471
0.996,0.003828,3.7409648,-3.78,0.7167739
0.996,0.003837,-3.7395741,-3.78,-0.4180917
0.996,0.003838,3.7394405,-3.78,0.54483292
0.996,0.00384,3.7391131,-3.78,0.7275468
0.996,0.003845,-3.7382965,-3.78,-0.6049322
0.996,0.003861,3.7357381,-3.78,0.5946274
0.996,0.003862,-3.7356682,-3.78,-1.2392174
0.996,0.003863,-3.7353764,-3.78,-0.66536218
0.996,0.003878,3.7330087,-3.78,0.6880864
0.996,0.003896,-3.7302189,-3.78,-0.7730708
0.996,0.003914,-3.7274232,-3.78,-0.83038396
0.996,0.003936,3.724063,-3.78,0.64247822
0.996,0.003961,3.7202074,-3.78,0.68432122
0.996,0.003998,-3.7146376,-3.79,-0.8211114
0.996,0.004043,3.7077566,-3.79,0.81620032
0.996,0.004092,3.7005113,-3.79,0.87024894
0.996,0.004106,-3.6984685,-3.79,-0.65775716
0.996,0.004129,-3.6950072,-3.79,-0.75538868
0.996,0.004142,3.6931955,-3.79,0.66771832
0.996,0.004149,-3.6922113,-3.79,-0.7471343
0.996,0.004165,3.6897877,-3.79,0.5903322
0.996,0.004201,3.684671,-3.79,0.6266357
0.996,0.004229,-3.6805616,-3.79,-0.8946952
0.996,0.004243,-3.6785947,-3.79,-0.38372724
0.996,0.004274,3.6742042,-3.8,0.60376794
0.996,0.004275,-3.6741026,-3.8,-0.9448551
0.996,0.00431,3.6690503,-3.8,0.81803756
0.996,0.004312,-3.668859,-3.8,-0.60630712
0.996,0.004435,3.651889,-3.8,1.1125802
0.996,0.004438,-3.6514636,-3.8,-0.62652872
0.996,0.004456,3.6489521,-3.8,0.82145404
0.996,0.004499,3.6432421,-3.8,0.7037056
0.996,0.004544,3.6372218,-3.8,0.8215055
0.996,0.004551,3.6362575,-3.81,0.39211108
0.996,0.004566,3.6343485,-3.81,0.6273171
0.996,0.004604,-3.6292472,-3.81,-0.68137602
0.996,0.004618,3.6274689,-3.81,0.63214372
0.996,0.004658,-3.6222498,-3.81,-2.85526542
0.996,0.004681,3.6193332,-3.81,0.9817162
0.996,0.004686,-3.6185966,-3.81,-1.1936387
0.996,0.004758,-3.6094472,-3.81,-0.73957556
0.996,0.004807,-3.6033224,-3.81,-1.5781932
0.996,0.004812,3.602731,-3.81,0.5206301
0.996,0.004833,3.6000094,-3.81,0.494098
0.996,0.004834,-3.5999715,-3.81,-0.7998668
0.996,0.004848,3.5981521,-3.81,0.61850892
0.996,0.004886,3.5935155,-3.82,1.21386478
0.996,0.004902,-3.591532,-3.82,-0.5584366
0.996,0.00491,3.5905535,-3.82,0.64523016
0.996,0.004911,3.59042,-3.82,0.48603564
0.996,0.004918,3.589544,-3.82,1.13747452
0.996,0.004936,-3.5873173,-3.82,-0.97194908
0.996,0.004966,3.5837413,-3.82,1.3150079
0.996,0.004971,3.583133,-3.82,0.43308078
0.996,0.005014,3.5779621,-3.82,0.41384706
0.996,0.005016,-3.577682,-3.82,-0.64709182
0.996,0.005018,3.5775277,-3.82,0.52154978
0.996,0.005038,-3.5751337,-3.82,-0.5744837
0.996,0.005054,3.5731616,-3.82,0.31224798
0.996,0.005061,3.5723101,-3.82,0.78191788
0.996,0.005063,3.5720876,-3.82,0.6375881
0.996,0.005099,3.5678058,-3.82,0.4573538
0.996,0.005123,3.5650783,-3.82,0.57926828
0.996,0.005232,-3.5524121,-3.83,-0.36990772
0.996,0.005238,-3.5517208,-3.83,-0.8339307
0.996,0.00525,3.5502862,-3.83,0.8404966
0.996,0.005271,3.5479053,-3.83,0.8041949
0.996,0.005303,3.5442783,-3.83,1.03445854
0.996,0.005324,3.5419432,-3.83,0.5406177
0.996,0.00538,-3.53567,-3.83,-0.96297398
0.996,0.005392,3.534322,-3.83,0.63345928
0.996,0.005393,-3.5342714,-3.83,-0.44834484
0.996,0.005397,3.5337616,-3.83,0.64092674
0.996,0.00541,-3.5323843,-3.83,-1.16146022
0.996,0.005411,3.5322083,-3.83,0.48516576
0.996,0.00545,3.5278836,-3.83,0.4772056
0.996,0.005475,-3.5251868,-3.83,-0.6264546
0.996,0.005486,-3.5240352,-3.83,-0.88202604
0.996,0.00549,3.5236044,-3.83,1.10280906
0.996,0.005546,-3.5174785,-3.84,-0.54272698
0.996,0.005709,-3.5001152,-3.84,-1.58432164
0.996,0.005716,3.4994249,-3.84,0.62768146
0.996,0.005779,-3.4928529,-3.84,-0.78593322
0.996,0.005798,3.4908763,-3.84,0.64470652
0.996,0.005872,3.483356,-3.84,0.55645394
0.996,0.005881,-3.4823933,-3.84,-1.00527934
0.996,0.005899,-3.480542,-3.84,-0.5823516
0.996,0.005921,3.4783349,-3.85,0.68279794
0.996,0.005962,-3.4742886,-3.85,-1.5809889
0.996,0.005984,3.4720682,-3.85,0.53916312
0.996,0.006003,3.4701641,-3.85,2.62584186
0.996,0.006023,3.4682016,-3.85,0.52371556
0.996,0.006058,-3.4646926,-3.85,-1.1952254
0.996,0.006074,-3.4631178,-3.85,-0.43103006
0.996,0.0061,3.4606027,-3.85,0.42447816
0.996,0.006114,3.4591939,-3.85,0.7276649
0.996,0.006124,3.4582715,-3.85,0.4005943
0.996,0.006131,3.4575675,-3.85,0.44147072
0.996,0.006137,-3.457021,-3.85,-1.49939604
0.996,0.006148,3.455941,-3.85,0.5516686
0.996,0.006185,-3.4522883,-3.85,-0.82318398
0.996,0.006189,3.4518983,-3.85,0.79466376
0.996,0.006199,-3.4509704,-3.85,-0.64403462
0.996,0.006278,-3.4434188,-3.85,-1.19600242
0.996,0.00628,-3.4432775,-3.85,-1.56142094
0.996,0.006309,3.4405262,-3.85,0.3985809
0.996,0.006352,3.4364465,-3.86,0.56047888
0.996,0.006363,-3.4354564,-3.86,-0.84315186
0.996,0.006391,-3.4328073,-3.86,-0.65647902
0.996,0.006454,3.426946,-3.86,0.67493564
0.996,0.006498,3.4229507,-3.86,0.84535034
0.996,0.006509,-3.4218717,-3.86,-0.80027468
0.996,0.00654,3.4190791,-3.86,0.63856172
0.996,0.006546,-3.4185081,-3.86,-0.82939642
0.996,0.006562,-3.4171134,-3.86,-2.13607212
0.996,0.006563,3.4169547,-3.86,0.61305522
0.996,0.006602,-3.4134831,-3.86,-0.6488111
0.996,0.006626,3.4112728,-3.86,0.57072384
0.996,0.006635,3.4105013,-3.86,0.29511278
0.996,0.006636,-3.4104518,-3.86,-0.59940186
0.996,0.006661,3.4081562,-3.86,0.66370842
0.996,0.00667,-3.4073631,-3.86,-1.05271666
0.996,0.006712,-3.4036687,-3.86,-1.2548237
0.996,0.006718,3.4031233,-3.86,0.8966198
0.996,0.006733,3.4018027,-3.87,0.7999572
0.996,0.006739,3.4012796,-3.87,0.4962232
0.996,0.006774,3.398204,-3.87,0.88046918
0.996,0.006812,3.3948712,-3.87,0.51349154
0.996,0.006827,3.393508,-3.87,0.6765422
0.996,0.006831,3.393227,-3.87,0.70180318
0.996,0.006835,3.3928528,-3.87,0.8361686
0.996,0.00685,3.3915808,-3.87,0.6035019
0.996,0.006854,-3.3912116,-3.87,-0.44074462
0.996,0.006903,-3.3869865,-3.87,-0.42071866
0.996,0.006909,-3.3864308,-3.87,-0.72457998
0.996,0.006995,3.3790863,-3.87,1.112848
0.996,0.007001,-3.3785525,-3.87,-0.68490432
0.996,0.007034,3.3757638,-3.87,0.427319
0.996,0.007041,-3.3752354,-3.87,-0.52599526
0.996,0.007077,3.3721442,-3.87,0.63247794
0.996,0.007093,3.3708363,-3.87,0.80698106
0.996,0.007103,3.3700137,-3.87,0.63587952
0.996,0.007163,3.3650276,-3.87,0.76639386
0.996,0.007226,3.3597801,-3.88,0.65717692
0.996,0.007235,-3.35911,-3.88,-0.95045786
0.996,0.007248,3.3579876,-3.88,1.04130606
0.996,0.007283,-3.3551347,-3.88,-0.34808088
0.996,0.007285,-3.3549583,-3.88,-0.76322392
0.996,0.007298,-3.3539358,-3.88,-0.44190722
0.996,0.00731,3.3529817,-3.88,0.5584068
0.996,0.00732,3.3521692,-3.88,0.4869791
0.996,0.007344,-3.3502354,-3.88,-0.42384936
0.996,0.007352,-3.3495668,-3.88,-0.64848292
0.996,0.007404,3.3453913,-3.88,0.66681342
0.996,0.007406,-3.3452375,-3.88,-0.98470974
0.996,0.007406,3.3452194,-3.88,1.0727429
0.996,0.007444,3.3422013,-3.88,0.2663366
0.996,0.007453,3.3414869,-3.88,0.41834988
0.996,0.00751,3.3369865,-3.88,0.35713684
0.996,0.007519,3.3362657,-3.88,1.09563548
0.996,0.00752,3.336143,-3.88,0.66570046
0.996,0.007549,3.3339005,-3.88,0.69744558
0.996,0.007627,3.3278183,-3.88,0.9097906
0.996,0.007656,-3.3255781,-3.89,-0.79666432
0.996,0.007672,-3.3243182,-3.89,-1.6043482
0.996,0.007681,-3.3236408,-3.89,-0.47628006
0.996,0.007716,3.3209125,-3.89,1.10684026
0.996,0.007764,-3.3172821,-3.89,-0.4974159
0.996,0.007828,-3.3124045,-3.89,-0.68132054
0.996,0.007848,3.3109093,-3.89,0.65184264
0.996,0.007856,3.310316,-3.89,0.63123352
0.996,0.007871,3.3091826,-3.89,0.47270616
0.996,0.007915,-3.3058438,-3.89,-0.8096852
0.996,0.007986,3.3005545,-3.89,0.84859444
0.996,0.007995,3.2999053,-3.89,0.5197614
0.996,0.007995,-3.2998941,-3.89,-0.8130353
0.996,0.008003,-3.2992823,-3.89,-0.92759818
0.996,0.008037,-3.2967764,-3.89,-0.7636459
0.996,0.00805,3.2958624,-3.89,0.54815002
0.996,0.008064,3.2948005,-3.89,0.54246958
0.996,0.008076,3.2939453,-3.89,0.88913952
0.996,0.008077,3.2938445,-3.89,1.0811639
0.996,0.008088,-3.2930941,-3.89,-0.57385054
0.996,0.008091,-3.2928439,-3.89,-0.59527544
0.996,0.008107,-3.2916772,-3.89,-0.97300336
0.996,0.008148,3.2886688,-3.9,0.6511448
0.996,0.008159,3.2878978,-3.9,0.33836966
0.996,0.008183,-3.2861887,-3.9,-1.04656778
0.996,0.008188,3.2858366,-3.9,0.80929648
0.996,0.008218,3.2836315,-3.9,0.36063722
0.996,0.008264,3.280306,-3.9,0.47007834
0.996,0.00827,3.279944,-3.9,0.35326026
0.996,0.008271,-3.2798404,-3.9,-1.09632138
0.996,0.008307,-3.2772473,-3.9,-0.72717244
0.996,0.008309,-3.2771425,-3.9,-0.32169944
0.996,0.008332,-3.2754684,-3.9,-0.4492407
0.996,0.008367,3.2730342,-3.9,0.59189004
0.996,0.008376,3.2723747,-3.9,0.41569802
0.996,0.008477,3.2652901,-3.9,2.13895556
0.996,0.008513,3.262831,-3.9,0.47626018
0.996,0.008536,3.2612078,-3.9,0.65434126
0.996,0.008541,3.2608614,-3.9,0.6543335
0.996,0.008605,3.256434,-3.9,0.56409198
0.996,0.008624,-3.2551882,-3.9,-1.1228381
0.996,0.008696,-3.2502523,-3.91,-0.54602004
0.996,0.008697,3.2502089,-3.91,0.35782248
0.996,0.00874,3.2472824,-3.91,1.16289204
0.996,0.00875,-3.2466089,-3.91,-0.72603002
0.996,0.008768,3.2454185,-3.91,0.40373818
0.996,0.008853,-3.2397174,-3.91,-0.8226547
0.996,0.008873,3.2383554,-3.91,0.4008553
0.996,0.008905,-3.2362283,-3.91,-0.5414423
0.996,0.008945,-3.2335683,-3.91,-0.89217424
0.996,0.008955,3.2329507,-3.91,0.45030704
0.996,0.008989,3.2306722,-3.91,0.49370804
0.996,0.008998,-3.23013,-3.91,-0.38690388
0.996,0.009083,-3.2245658,-3.91,-0.33574212
0.996,0.009093,3.2239022,-3.91,0.46333774
0.996,0.009103,3.2232869,-3.91,0.4651222
0.996,0.009137,3.2210509,-3.91,0.35562424
0.996,0.009144,3.2206096,-3.91,0.60801798
0.996,0.00915,3.2202567,-3.91,0.6913185
0.996,0.009153,3.2200167,-3.91,0.70648562
0.996,0.009155,3.2199377,-3.91,0.63868096
0.996,0.009187,3.2178828,-3.92,0.56414606
0.996,0.009259,-3.2132748,-3.92,-0.98298574
0.996,0.009259,3.2132439,-3.92,0.35292952
0.996,0.009278,3.2120326,-3.92,0.84106456
0.996,0.009315,-3.2096911,-3.92,-1.10040826
0.996,0.009336,3.208381,-3.92,0.6564409
0.996,0.009344,3.207859,-3.92,0.46895988
0.996,0.009359,-3.2069609,-3.92,-0.67871306
0.996,0.009359,3.2069309,-3.92,0.602837
0.996,0.009363,3.2066795,-3.92,0.35655696
0.996,0.009366,3.2065198,-3.92,0.4454962
0.996,0.009445,-3.2015241,-3.92,-0.77550768
0.996,0.009484,-3.1991357,-3.92,-0.63859616
0.996,0.009533,-3.1960813,-3.92,-1.39020386
0.996,0.009607,-3.1915462,-3.92,-0.66264986
0.996,0.009632,-3.1900076,-3.92,-0.94291534
0.996,0.009649,3.1889734,-3.92,0.6689674
0.996,0.009738,3.1835833,-3.92,0.52360336
0.996,0.00974,3.1834419,-3.92,0.52880564
0.996,0.009744,3.1831948,-3.92,0.63134442
0.996,0.009765,-3.1819175,-3.93,-0.7610238
0.996,0.009775,3.1813581,-3.93,0.407795
0.996,0.009789,-3.1805077,-3.93,-1.03637002
0.996,0.00979,-3.1804308,-3.93,-0.8900386
0.996,0.009793,3.1802613,-3.93,1.4545638
0.996,0.009822,3.1785061,-3.93,0.5793102
0.996,0.009823,3.1784628,-3.93,0.6177232
0.996,0.009825,3.1783465,-3.93,0.7679634
0.996,0.009855,-3.1765341,-3.93,-0.77057506
0.996,0.009863,-3.1760707,-3.93,-1.12890026
0.996,0.009865,-3.1759338,-3.93,-0.68785916
0.996,0.009879,3.175085,-3.93,0.9899926
0.996,0.009891,3.1743977,-3.93,0.6421941
0.996,0.009907,3.17345,-3.93,0.6272907
0.996,0.00993,-3.1720695,-3.93,-2.42416638
0.996,0.010013,3.1671757,-3.93,1.1527201
0.996,0.01002,-3.1667942,-3.93,-1.56362376
0.996,0.010053,3.1648411,-3.93,0.37450026
0.996,0.010057,-3.1646062,-3.93,-0.54090278
0.996,0.010063,-3.1642245,-3.93,-1.32487878
0.996,0.010128,3.1604457,-3.93,0.49056646
0.996,0.010148,-3.1592961,-3.93,-0.7312775
0.996,0.010161,3.158535,-3.93,0.78586872
0.996,0.010206,-3.1559835,-3.93,-0.58750336
0.996,0.010211,3.1556739,-3.93,0.4626446
0.996,0.01022,-3.1551515,-3.93,-0.73437198
0.996,0.010248,-3.1535508,-3.93,-0.94960516
0.996,0.01028,3.1517324,-3.93,0.37995134
0.996,0.010286,3.1513416,-3.93,0.4524032
0.996,0.010323,-3.1492364,-3.93,-0.80801874
0.996,0.010379,-3.1460946,-3.94,-1.19299904
0.996,0.010435,3.1429361,-3.94,0.3823079
0.996,0.010439,-3.142675,-3.94,-0.584416
0.996,0.010446,3.142325,-3.94,0.42583866
0.996,0.010451,3.1420009,-3.94,0.4194336
0.996,0.010451,-3.1419916,-3.94,-0.671521
0.996,0.010455,3.141795,-3.94,0.34528128
0.996,0.010475,3.1406483,-3.94,0.3354089
0.996,0.010493,-3.1396791,-3.94,-0.60504462
0.996,0.010498,-3.1393652,-3.94,-0.71847284
0.996,0.010505,3.1389805,-3.94,0.86485484
0.996,0.010593,3.1341183,-3.94,1.44881874
0.996,0.010609,-3.1332216,-3.94,-0.45803754
0.996,0.010619,3.1326255,-3.94,0.29673948
0.996,0.010641,3.1314394,-3.94,0.8610692
0.996,0.010723,-3.1269516,-3.94,-0.55870774
0.996,0.010723,3.1269218,-3.94,0.6970534
0.996,0.010727,-3.1267267,-3.94,-1.1152098
0.996,0.010739,3.1260742,-3.94,0.60519516
0.996,0.010743,-3.1258185,-3.94,-0.7360299
0.996,0.01079,3.1232817,-3.94,0.41804666
0.996,0.010817,-3.1218189,-3.94,-0.55049424
0.996,0.010902,-3.1172241,-3.94,-0.91672522
0.996,0.010921,3.1161798,-3.94,0.46711928
0.996,0.010921,-3.116166,-3.94,-0.57005152
0.996,0.010962,3.1139681,-3.94,0.8539871
0.996,0.010976,-3.1132653,-3.94,-1.06292422
0.996,0.010985,-3.112768,-3.94,-1.24885818
0.996,0.010994,3.1122629,-3.95,0.90905878
0.996,0.011019,3.1109366,-3.95,0.732022
0.996,0.011019,-3.1109264,-3.95,-1.3166531
0.996,0.011043,-3.109662,-3.95,-0.70308252
0.996,0.011067,3.108394,-3.95,0.51047714
0.996,0.011072,-3.1081373,-3.95,-0.82125196
0.996,0.011121,3.1055277,-3.95,0.6490268
0.996,0.011131,-3.1050205,-3.95,-1.60459728
0.996,0.011135,3.1047915,-3.95,0.25568696
0.996,0.011142,-3.1044451,-3.95,-1.24187436
0.996,0.011216,3.1005465,-3.95,0.80415696
0.996,0.011239,3.0993461,-3.95,0.74016648
0.996,0.011247,3.0989321,-3.95,0.57761694
0.996,0.01133,3.0946108,-3.95,0.47022742
0.996,0.01134,-3.0941066,-3.95,-0.40275444
0.996,0.011401,-3.090964,-3.95,-1.66855622
0.996,0.011413,-3.0903237,-3.95,-0.94535262
0.996,0.011442,3.0888453,-3.95,0.69687712
0.996,0.011444,-3.0887368,-3.95,-1.03415026
0.996,0.011476,-3.0871131,-3.95,-0.39205348
0.996,0.011476,3.0870961,-3.95,0.47974038
0.996,0.011497,3.0860254,-3.95,0.4065218
0.996,0.011509,3.0854419,-3.95,0.6257512
0.996,0.011527,3.0844943,-3.95,0.334232
0.996,0.011564,3.0826134,-3.95,0.50830286
0.996,0.011588,3.0814193,-3.95,1.0837944
0.996,0.011628,-3.0794145,-3.95,-0.42483356
0.996,0.011672,-3.0771967,-3.96,-1.13244796
0.996,0.011712,-3.0751631,-3.96,-0.85170464
0.996,0.011714,3.0750628,-3.96,0.3807216
0.996,0.011761,3.0727322,-3.96,0.76329358
0.996,0.011802,3.0707099,-3.96,0.57210978
0.996,0.011826,3.0694979,-3.96,0.5286191
0.996,0.011836,-3.0690115,-3.96,-0.5427922
0.996,0.011852,3.0682179,-3.96,0.59357536
0.996,0.011854,3.0681194,-3.96,0.5543854
0.996,0.011877,-3.0669903,-3.96,-0.7549901
0.996,0.011877,3.0669864,-3.96,0.70501342
0.996,0.011898,3.0659454,-3.96,0.55212828
0.996,0.011937,-3.064037,-3.96,-2.04799178
0.996,0.011943,-3.0637455,-3.96,-0.83976014
0.996,0.011944,3.0636882,-3.96,0.75744816
0.996,0.011972,-3.0623211,-3.96,-0.54651356
0.996,0.012008,-3.0605589,-3.96,-1.63859794
0.996,0.012045,-3.0587686,-3.96,-0.84877308
0.996,0.012047,3.0586417,-3.96,0.9580865
0.996,0.012069,3.0576051,-3.96,0.64215086
0.996,0.012119,-3.055152,-3.96,-0.637959
0.996,0.012135,-3.0543816,-3.96,-0.78238802
0.996,0.012142,3.0540478,-3.96,0.55097592
0.996,0.012197,3.0514351,-3.96,1.0804305
0.996,0.012212,-3.0506964,-3.96,-0.6671823
0.996,0.012212,3.0506701,-3.96,0.4772198
0.996,0.012283,-3.0473181,-3.96,-0.462883
0.996,0.012373,3.0430084,-3.97,0.66360428
0.996,0.012404,3.0415404,-3.97,0.4683475
0.996,0.012407,3.0414378,-3.97,0.49682406
0.996,0.012411,-3.0412452,-3.97,-0.7306123
0.996,0.012445,3.0396419,-3.97,0.42788264
0.996,0.012464,3.0387526,-3.97,0.69455486
0.996,0.01248,3.0379844,-3.97,0.3848092
0.996,0.012513,3.0364475,-3.97,0.57209564
0.996,0.0126,-3.03238,-3.97,-0.58431322
0.996,0.012615,-3.0316699,-3.97,-0.77714618
0.996,0.012628,3.031089,-3.97,1.03026638
0.996,0.012647,-3.0301992,-3.97,-1.24760086
0.996,0.012684,-3.0284793,-3.97,-0.3556744
0.996,0.012695,-3.0279731,-3.97,-0.87809822
0.996,0.012707,-3.0274283,-3.97,-1.62472768
0.996,0.012773,-3.0244047,-3.97,-0.29541414
0.996,0.012776,3.0242819,-3.97,0.52914508
0.996,0.012852,3.0208056,-3.97,0.37796714
0.996,0.012879,3.019562,-3.97,1.17921356
0.996,0.012918,3.0177826,-3.97,0.64185502
0.996,0.012919,-3.0177738,-3.97,-0.94961422
0.996,0.012947,3.0164914,-3.97,0.33126064
0.996,0.01295,-3.0163446,-3.97,-0.36080976
0.996,0.012951,-3.0163036,-3.97,-0.80635822
0.996,0.012995,3.0143226,-3.97,0.7200285
0.996,0.013014,-3.0134672,-3.97,-0.65123078
0.996,0.013014,-3.0134493,-3.97,-0.58194646
0.996,0.013047,-3.0119865,-3.97,-0.43533002
0.996,0.013065,3.0111582,-3.97,1.55527404
0.996,0.013069,-3.0110091,-3.97,-0.91610472
0.996,0.01312,-3.0087003,-3.98,-1.94507038
0.996,0.013134,3.008113,-3.98,0.91134292
0.996,0.013142,3.0077225,-3.98,0.4821809
0.996,0.013159,3.0069833,-3.98,0.308425
0.996,0.013168,3.0065659,-3.98,0.6464287
0.996,0.013194,3.0054355,-3.98,0.41918838
0.996,0.013205,-3.0049331,-3.98,-0.97793932
0.996,0.013213,-3.0045746,-3.98,-0.56340804
0.996,0.013234,-3.0036836,-3.98,-0.2824292
0.996,0.013293,3.0010824,-3.98,0.72344342
0.996,0.013295,3.0009575,-3.98,0.4733766
0.996,0.013322,2.9997865,-3.98,0.5606014
0.996,0.013345,2.9987572,-3.98,0.47059798
0.996,0.013348,2.9986494,-3.98,0.58812134
0.996,0.013371,-2.99764,-3.98,-0.54640042
0.996,0.01343,2.9950803,-3.98,0.64168454
0.996,0.013431,2.9950272,-3.98,0.92876586
0.996,0.013438,-2.9947275,-3.98,-1.07050856
0.996,0.013451,-2.9941459,-3.98,-0.3609093
0.996,0.013453,2.994072,-3.98,0.4990892
0.996,0.013477,-2.9930326,-3.98,-0.83491186
0.996,0.01349,-2.9924667,-3.98,-0.53065758
0.996,0.013517,-2.9912827,-3.98,-0.9960983
0.996,0.013521,2.9911113,-3.98,0.48878276
0.996,0.01356,-2.9894403,-3.98,-1.30060826
0.996,0.013565,2.9892126,-3.98,0.90116976
0.996,0.013572,-2.9889003,-3.98,-1.28924554
0.996,0.013575,2.988797,-3.98,0.71785096
0.996,0.013639,2.9860476,-3.98,0.56643952
0.996,0.013658,-2.9852115,-3.98,-0.5381516
0.996,0.01367,-2.9847278,-3.98,-2.28313558
0.996,0.01375,-2.9813069,-3.98,-1.79530408
0.996,0.013764,-2.9806994,-3.98,-0.49928338
0.996,0.013776,-2.9801906,-3.98,-0.93079314
0.996,0.013794,-2.979447,-3.98,-0.64593226
0.996,0.01384,-2.9774963,-3.98,-0.68343088
0.996,0.013847,2.9771776,-3.98,0.36783932
0.996,0.013882,-2.975707,-3.98,-2.4057572
0.996,0.013889,2.9754219,-3.98,0.8584881
0.996,0.013902,-2.9748838,-3.99,-0.86165222
0.996,0.013949,2.9728985,-3.99,0.41551218
0.996,0.01397,2.9720126,-3.99,0.34647578
0.996,0.013984,-2.9714441,-3.99,-0.4121137
0.996,0.01399,2.9711746,-3.99,0.60518182
0.996,0.014049,-2.9687332,-3.99,-0.58369236
0.996,0.014077,-2.967555,-3.99,-0.6477296
0.996,0.014091,-2.9670056,-3.99,-0.54345176
0.996,0.014163,-2.96401,-3.99,-0.38156472
0.996,0.014176,2.9634682,-3.99,0.52822426
0.996,0.014187,-2.9630368,-3.99,-1.2031818
0.996,0.014249,2.9604842,-3.99,0.57773486
0.996,0.014298,-2.9584565,-3.99,-0.6443012
0.996,0.014298,-2.9584548,-3.99,-1.15980266
0.996,0.014321,2.9575297,-3.99,0.7589676
0.996,0.014329,-2.9572125,-3.99,-1.02800296
0.996,0.014332,-2.9570937,-3.99,-0.37491746
0.996,0.014386,2.954868,-3.99,0.70029058
0.996,0.014399,-2.95438,-3.99,-0.39847196
0.996,0.0145,-2.9502966,-3.99,-0.87384704
0.996,0.014507,2.9499867,-3.99,0.37297736
0.996,0.014548,2.9483362,-3.99,0.67479926
0.996,0.014568,2.9475349,-3.99,0.65195746
0.996,0.014609,-2.9458956,-3.99,-0.48408998
0.996,0.014616,-2.9456156,-3.99,-0.64019226
0.996,0.014639,2.9447221,-3.99,0.32605834
0.996,0.014674,2.9432938,-3.99,0.8919514
0.996,0.014704,-2.9421242,-3.99,-0.6904774
0.996,0.014717,2.9415857,-3.99,0.38633238
0.996,0.014731,-2.9410459,-4,-1.24153694
0.996,0.014765,2.9397083,-4,0.22759562
0.996,0.014771,2.939464,-4,0.79345436
0.996,0.014825,-2.9373561,-4,-0.51573196
0.996,0.014835,2.9369304,-4,0.9066543
0.996,0.014877,2.9352889,-4,0.26779962
0.996,0.014881,-2.9351357,-4,-0.27732516
0.996,0.014893,-2.9346474,-4,-0.94804492
0.996,0.014904,2.9342369,-4,0.6360004
0.996,0.014955,2.9322426,-4,0.6080739
0.996,0.014999,-2.9305282,-4,-0.35367318
0.996,0.015001,2.9304459,-4,0.43701648
0.996,0.015022,2.9296422,-4,1.1519971
0.996,0.015034,2.9291567,-4,0.52722272
0.996,0.015067,-2.9278854,-4,-0.66077224
0.996,0.015072,-2.9276937,-4,-0.96350374
0.996,0.015077,2.9275085,-4,0.53495172
0.996,0.015081,2.9273389,-4,0.6274632
0.996,0.015131,2.9253988,-4,0.76016694
0.996,0.015137,2.9251844,-4,0.515725
0.996,0.015144,2.9249034,-4,0.41269938
0.996,0.015146,2.9248194,-4,0.4923054
0.996,0.01516,2.9242886,-4,0.68583158
0.996,0.015212,2.9222788,-4,0.44034552
0.996,0.015276,2.9198282,-4,0.41218874
0.996,0.015296,2.919086,-4,0.67689884
0.996,0.015312,2.9184671,-4,1.8232504
0.996,0.015338,2.9174926,-4,0.88788248
0.996,0.015346,2.9171887,-4,0.69157552
0.996,0.015388,2.9155952,-4,0.56815728
0.996,0.0154,-2.9151292,-4,-0.51733518
0.996,0.015431,-2.9139608,-4,-0.355695
0.996,0.015438,2.9136861,-4,0.54164656
0.996,0.015447,2.9133522,-4,0.51303412
0.996,0.015485,2.9119138,-4,0.50152748
0.996,0.015529,2.9102477,-4,0.681929
0.996,0.015532,2.9101396,-4,0.38744862
0.996,0.015553,-2.9093777,-4,-0.30062056
0.996,0.015557,2.9092271,-4,1.02682148
0.996,0.01557,-2.9087046,-4,-0.97956286
0.996,0.015628,2.9065404,-4.01,0.4730646
0.996,0.015643,-2.9060072,-4.01,-0.8433908
0.996,0.015687,-2.9043378,-4.01,-0.46197546
0.996,0.015693,2.9041317,-4.01,0.2643969
0.996,0.015706,2.9036563,-4.01,0.36980106
0.996,0.015719,2.903153,-4.01,0.4949508
0.996,0.015733,2.9026589,-4.01,0.93313204
0.996,0.015769,2.901332,-4.01,0.49584846
0.996,0.015784,-2.9007437,-4.01,-0.42865186
0.996,0.0158,-2.9001847,-4.01,-0.36009964
0.996,0.015825,2.8992328,-4.01,0.584515
0.996,0.015834,-2.8989197,-4.01,-1.34237044
0.996,0.01584,-2.8987092,-4.01,-0.69111484
0.996,0.015868,2.8976811,-4.01,0.26541724
0.996,0.015901,2.8964381,-4.01,0.43700296
0.996,0.015916,2.8959012,-4.01,0.94819098
0.996,0.015953,-2.8945419,-4.01,-1.10326374
0.996,0.01601,2.8924641,-4.01,0.74389396
0.996,0.016052,-2.8909407,-4.01,-0.40385148
0.996,0.016077,2.8900483,-4.01,0.4425573
0.996,0.016098,-2.8892634,-4.01,-1.63432266
0.996,0.016135,2.8879352,-4.01,0.3666502
0.996,0.016136,-2.8878929,-4.01,-0.50957116
0.996,0.016156,2.8871687,-4.01,0.24669158
0.996,0.016164,2.8868868,-4.01,0.5756458
0.996,0.016201,2.8855491,-4.01,0.8298598
0.996,0.016209,-2.8852554,-4.01,-1.83767962
0.996,0.016218,2.8849381,-4.01,0.93723994
0.996,0.016226,2.884636,-4.01,0.58622816
0.996,0.016249,-2.8838135,-4.01,-0.78295918
0.996,0.016262,2.8833719,-4.01,0.44355826
0.996,0.016318,2.8813441,-4.01,0.6681656
0.996,0.016341,2.8805195,-4.01,0.40899806
0.996,0.016363,-2.8797417,-4.01,-0.7881104
0.996,0.016365,-2.8796861,-4.01,-0.5245514
0.996,0.016421,-2.8776907,-4.01,-0.92951032
0.996,0.016421,-2.8776824,-4.01,-0.35634088
0.996,0.01644,2.8770203,-4.01,0.43345666
0.996,0.016455,2.8764805,-4.01,0.5445317
0.996,0.016466,2.8760803,-4.01,0.43831646
0.996,0.016484,-2.8754512,-4.01,-0.67550994
0.996,0.016487,-2.8753487,-4.01,-0.94830992
0.996,0.016538,-2.8735572,-4.02,-0.45918728
0.996,0.016586,-2.8718517,-4.02,-1.51741332
0.996,0.016587,2.8718272,-4.02,1.0777382
0.996,0.01659,-2.8717299,-4.02,-1.37536892
0.996,0.016596,-2.8715116,-4.02,-0.51341332
0.996,0.016603,-2.8712479,-4.02,-0.49679414
0.996,0.016607,-2.8711024,-4.02,-0.68812062
0.996,0.016627,2.8704121,-4.02,0.57984458
0.996,0.016637,2.8700714,-4.02,0.39628644
0.996,0.016671,2.8688752,-4.02,0.5725815
0.996,0.016672,2.8688448,-4.02,0.48503276
0.996,0.016677,-2.8686522,-4.02,-0.82560332
0.996,0.016678,2.8686271,-4.02,0.77768678
0.996,0.01668,2.8685521,-4.02,0.57089774
0.996,0.01671,2.8675,-4.02,0.62484108
0.996,0.016723,2.8670465,-4.02,1.45204354
0.996,0.016763,2.8656835,-4.02,0.34518348
0.996,0.016795,2.8645599,-4.02,0.41018766
0.996,0.016799,-2.8644107,-4.02,-0.56148956
0.996,0.016819,-2.863737,-4.02,-1.98728036
0.996,0.016845,-2.8628082,-4.02,-2.20646466
0.996,0.01686,2.8622888,-4.02,0.4652887
0.996,0.016898,2.8609882,-4.02,0.619789
0.996,0.016908,-2.8606457,-4.02,-0.80390884
0.996,0.01691,2.8605687,-4.02,0.40224314
0.996,0.016926,-2.8600403,-4.02,-0.57707256
0.996,0.016929,-2.8599176,-4.02,-0.647715
0.996,0.016968,2.85857,-4.02,0.35847474
0.996,0.016971,-2.8584926,-4.02,-0.6164606
0.996,0.016983,2.8580523,-4.02,0.26758916
0.996,0.017063,2.8553296,-4.02,0.42200338
0.996,0.017067,2.8552022,-4.02,0.33039046
0.996,0.017127,2.8531384,-4.02,1.09520924
0.996,0.017183,-2.8512497,-4.02,-0.67681694
0.996,0.017186,2.8511598,-4.02,1.89236688
0.996,0.017221,-2.8499456,-4.02,-0.29589292
0.996,0.017262,2.8485587,-4.02,0.42383208
0.996,0.017272,2.8482349,-4.02,0.4806237
0.996,0.017308,2.8470062,-4.02,0.32822892
0.996,0.01732,-2.8466105,-4.02,-0.99394436
0.996,0.017324,2.8464789,-4.02,0.5332231
0.996,0.017385,-2.8444269,-4.02,-0.5071572
0.996,0.017405,2.8437742,-4.02,0.84497544
0.996,0.017494,2.8407991,-4.03,2.08282712
0.996,0.017536,2.8393834,-4.03,1.13096068
0.996,0.017554,-2.8387849,-4.03,-0.57633924
0.996,0.017561,-2.8385719,-4.03,-0.73215222
0.996,0.017599,-2.8372914,-4.03,-0.6864815
0.996,0.017602,-2.8371961,-4.03,-0.89348208
0.996,0.017608,2.8370088,-4.03,0.99486234
0.996,0.017618,2.8366834,-4.03,0.33490008
0.996,0.017634,-2.8361384,-4.03,-0.816647
0.996,0.01764,2.8359411,-4.03,0.583569
0.996,0.017658,2.8353563,-4.03,0.645536
0.996,0.017663,2.8351935,-4.03,0.6376776
0.996,0.0177,2.8339647,-4.03,1.04838674
0.996,0.017712,-2.8335749,-4.03,-0.96425264
0.996,0.01773,-2.8329759,-4.03,-0.63480246
0.996,0.017754,2.8321812,-4.03,0.80882982
0.996,0.017755,-2.8321756,-4.03,-0.98751964
0.996,0.017777,2.8314403,-4.03,0.30494464
0.996,0.017786,2.8311334,-4.03,0.84502448
0.996,0.017787,2.831118,-4.03,0.62333544
0.996,0.017805,-2.8305195,-4.03,-0.91898936
0.996,0.01781,-2.8303471,-4.03,-0.78903174
0.996,0.017839,-2.8294143,-4.03,-0.43365484
0.996,0.017887,2.8278546,-4.03,0.30964846
0.996,0.017906,2.8272253,-4.03,0.44041074
0.996,0.017948,2.8258644,-4.03,0.5046376
0.996,0.017986,2.8246195,-4.03,0.5042004
0.996,0.017998,2.8242447,-4.03,0.37197876
0.996,0.017999,2.8242002,-4.03,0.55577444
0.996,0.018013,2.8237496,-4.03,0.6314296
0.996,0.018022,2.823469,-4.03,0.5962246
0.996,0.018037,2.8229878,-4.03,0.7020944
0.996,0.018037,-2.8229772,-4.03,-2.33531144
0.996,0.018038,2.8229335,-4.03,0.56315216
0.996,0.018044,2.8227587,-4.03,0.67635802
0.996,0.018052,-2.8225035,-4.03,-0.60551452
0.996,0.018078,-2.8216449,-4.03,-0.99168856
0.996,0.018088,2.8213225,-4.03,0.6604786
0.996,0.01809,-2.8212694,-4.03,-0.93135756
0.996,0.018094,-2.8211487,-4.03,-0.64760508
0.996,0.018105,-2.8207769,-4.03,-0.65231804
0.996,0.018144,-2.8195431,-4.03,-0.7057038
0.996,0.018152,-2.8192667,-4.03,-0.82282132
0.996,0.018154,-2.8192181,-4.03,-0.94066576
0.996,0.018195,-2.8178983,-4.03,-1.30279714
0.996,0.018196,-2.8178701,-4.03,-0.3509556
0.996,0.018203,2.8176291,-4.03,0.75397612
0.996,0.018216,2.8172174,-4.03,0.31208378
0.996,0.018228,2.8168603,-4.03,0.6181737
0.996,0.018265,2.8156649,-4.03,0.6180054
0.996,0.018308,2.8142914,-4.03,0.35295656
0.996,0.018363,2.8125589,-4.03,0.60433848
0.996,0.018364,2.8125136,-4.03,0.39559006
0.996,0.018439,2.8101325,-4.03,0.57184132
0.996,0.018464,2.8093539,-4.04,0.62394058
0.996,0.018586,-2.8055185,-4.04,-1.1119599
0.996,0.01859,-2.8054041,-4.04,-0.32258902
0.996,0.018595,-2.8052242,-4.04,-0.45271344
0.996,0.018607,2.8048688,-4.04,0.38376674
0.996,0.018655,2.8033497,-4.04,0.8000814
0.996,0.018678,-2.8026444,-4.04,-1.60744364
0.996,0.018685,2.8024248,-4.04,1.2609962
0.996,0.018705,2.8017916,-4.04,0.5056689
0.996,0.01871,-2.8016556,-4.04,-1.57976518
0.996,0.018739,-2.8007383,-4.04,-0.817207
0.996,0.018753,2.8003184,-4.04,0.71797186
0.996,0.018786,2.7992673,-4.04,0.66204004
0.996,0.018793,2.7990714,-4.04,0.5475944
0.996,0.018822,-2.7981655,-4.04,-0.48814142
0.996,0.018849,-2.7973197,-4.04,-0.7394058
0.996,0.018859,2.7970237,-4.04,0.43924978
0.996,0.018889,-2.7961019,-4.04,-0.64574498
0.996,0.018922,-2.7950851,-4.04,-0.69083992
0.996,0.018927,-2.7949132,-4.04,-0.48620056
0.996,0.018937,2.7946111,-4.04,0.55228518
0.996,0.018939,-2.7945658,-4.04,-0.27600386
0.996,0.019072,-2.7904785,-4.04,-2.14125926
0.996,0.019139,2.788455,-4.04,0.3120516
0.996,0.019146,-2.7882351,-4.04,-0.675065
0.996,0.019153,2.7880014,-4.04,0.8187287
0.996,0.019174,-2.7873871,-4.04,-0.66009038
0.996,0.019184,-2.7870688,-4.04,-0.5439002
0.996,0.019195,-2.7867412,-4.04,-0.48494614
0.996,0.019226,2.785796,-4.04,0.41164556
0.996,0.019228,-2.7857452,-4.04,-0.48740038
0.996,0.019249,2.7851007,-4.04,0.73523424
0.996,0.01927,-2.7844735,-4.04,-0.75197766
0.996,0.019343,2.782266,-4.04,0.46949374
0.996,0.019357,2.7818544,-4.04,0.5416574
0.996,0.01936,2.781751,-4.04,0.32108954
0.996,0.01939,2.7808598,-4.04,0.5982136
0.996,0.019398,2.780611,-4.04,0.66580862
0.996,0.019407,2.7803467,-4.04,0.73482616
0.996,0.019411,2.7802121,-4.04,0.430844
0.996,0.019415,-2.7800919,-4.04,-0.81349208
0.996,0.019462,2.7786903,-4.04,0.8696024
0.996,0.019476,-2.7782688,-4.04,-2.04576136
0.996,0.019485,-2.7780068,-4.04,-1.05965478
0.996,0.019491,2.7778172,-4.04,0.92261116
0.996,0.019495,2.7777043,-4.04,0.62005692
0.996,0.0195,2.7775584,-4.04,0.46955108
0.996,0.019517,2.7770603,-4.05,0.25191074
0.996,0.019527,-2.7767572,-4.05,-1.08587206
0.996,0.019533,2.7765724,-4.05,0.8183108
0.996,0.019541,-2.7763275,-4.05,-1.20065352
0.996,0.019549,2.7760905,-4.05,0.5656716
0.996,0.019565,2.7756173,-4.05,0.34681584
0.996,0.019569,2.775489,-4.05,0.394662
0.996,0.019582,2.7751291,-4.05,0.34359628
0.996,0.019628,-2.7737409,-4.05,-0.67325332
0.996,0.019653,-2.7730033,-4.05,-0.8371798
0.996,0.019671,2.7724648,-4.05,0.97989636
0.996,0.019693,2.7718322,-4.05,0.38902268
0.996,0.019714,2.7711981,-4.05,0.495803
0.996,0.019737,2.7705137,-4.05,0.341845
0.996,0.019766,-2.7696703,-4.05,-1.42570966
0.996,0.019773,2.7694731,-4.05,0.32765634
0.996,0.01979,2.76896,-4.05,0.26995972
0.996,0.019811,2.7683524,-4.05,0.4498332
0.996,0.019835,-2.7676512,-4.05,-0.64718466
0.996,0.019835,-2.7676334,-4.05,-0.6033678
0.996,0.019847,-2.7672988,-4.05,-0.46799946
0.996,0.019856,-2.767011,-4.05,-0.91142782
0.996,0.019866,-2.7667285,-4.05,-1.1072782
0.996,0.019893,2.765949,-4.05,0.81292308
0.996,0.019928,2.7649288,-4.05,1.28592162
0.996,0.019928,2.764909,-4.05,0.4767258
0.996,0.019941,2.7645383,-4.05,0.38116594
0.996,0.019977,2.763473,-4.05,0.63316038
0.996,0.019988,-2.7631685,-4.05,-0.73493022
0.996,0.02001,2.7625237,-4.05,0.61202118
0.996,0.020023,2.7621493,-4.05,1.05203708
0.996,0.020039,-2.7616753,-4.05,-1.62471188
0.996,0.020051,2.7613342,-4.05,0.44746326
0.996,0.020058,2.7611321,-4.05,0.8336343
0.996,0.020071,-2.7607462,-4.05,-0.67337238
0.996,0.020079,2.7605077,-4.05,0.62478252
0.996,0.020137,2.7588319,-4.05,0.40681822
0.996,0.020153,2.7583725,-4.05,0.6195198
0.996,0.020206,2.7568421,-4.05,0.81098758
0.996,0.020222,2.7563776,-4.05,0.51094406
0.996,0.02026,2.7553029,-4.05,0.8132667
0.996,0.020271,2.7549707,-4.05,0.561641
0.996,0.020301,2.7541265,-4.05,0.31377062
0.996,0.02034,-2.7530157,-4.05,-1.1929819
0.996,0.020365,-2.7522733,-4.05,-0.55729516
0.996,0.020383,2.751781,-4.05,0.67752616
0.996,0.020417,2.750813,-4.05,0.8431817
0.996,0.020418,2.7507617,-4.05,0.5969458
0.996,0.020427,2.7505199,-4.05,0.43666694
0.996,0.020427,2.7505156,-4.05,0.75461546
0.996,0.020443,2.7500564,-4.05,0.29905742
0.996,0.020455,-2.7497307,-4.05,-1.5561975
0.996,0.020456,-2.7496915,-4.05,-1.43808104
0.996,0.020461,2.7495488,-4.05,0.794481
0.996,0.02048,-2.7490153,-4.05,-0.33149214
0.996,0.020501,2.7484033,-4.05,0.44799226
0.996,0.020518,-2.7479404,-4.05,-0.80309776
0.996,0.02052,-2.7478701,-4.05,-0.31796498
0.996,0.020552,2.7469791,-4.05,0.69076026
0.996,0.020554,-2.7469211,-4.05,-1.03444396
0.996,0.020562,-2.7466713,-4.05,-0.53287054
0.996,0.02058,2.7461638,-4.05,0.41596674
0.996,0.020604,-2.7454832,-4.05,-0.4521009
0.996,0.020611,-2.7452929,-4.05,-1.3522104
0.996,0.020624,2.7449212,-4.06,0.47914216
0.996,0.020639,-2.7445063,-4.06,-0.89985942
0.996,0.020642,2.7444353,-4.06,0.733017
0.996,0.020647,2.744273,-4.06,0.5357216
0.996,0.020648,2.7442415,-4.06,0.67602488
0.996,0.020694,-2.7429711,-4.06,-0.46218646
0.996,0.020706,-2.7426271,-4.06,-1.08296482
0.996,0.02073,2.7419545,-4.06,0.4061406
0.996,0.020735,2.7418143,-4.06,0.9972068
0.996,0.020745,2.7415298,-4.06,0.33282698
0.996,0.020755,2.741244,-4.06,0.295013
0.996,0.020764,-2.7409814,-4.06,-0.5822624
0.996,0.020794,2.7401502,-4.06,0.97233324
0.996,0.020796,2.7401046,-4.06,0.273132
0.996,0.020816,2.7395392,-4.06,0.4005495
0.996,0.020842,-2.7388049,-4.06,-1.13138972
0.996,0.020903,2.7371092,-4.06,0.8053539
0.996,0.020955,2.7356721,-4.06,0.40037552
0.996,0.020966,2.7353633,-4.06,0.7726926
0.996,0.020982,2.734914,-4.06,0.7243657
0.996,0.020984,2.7348461,-4.06,0.91203478
0.996,0.020993,-2.734604,-4.06,-0.40976062
0.996,0.021039,2.7333262,-4.06,0.6439557
0.996,0.02117,-2.7297243,-4.06,-0.62562258
0.996,0.02119,2.7291715,-4.06,0.45237492
0.996,0.0212,-2.7288896,-4.06,-0.73275436
0.996,0.021226,-2.7281766,-4.06,-0.39616992
0.996,0.021245,-2.7276548,-4.06,-0.74839704
0.996,0.021256,2.7273671,-4.06,0.3837864
0.996,0.021289,2.7264587,-4.06,0.26390896
0.996,0.021305,2.7260148,-4.06,0.53039452
0.996,0.02132,2.7256207,-4.06,0.4758183
0.996,0.021354,-2.724676,-4.06,-0.81634242
0.996,0.021372,2.7241882,-4.06,0.59256776
0.996,0.021373,2.7241662,-4.06,1.33314162
0.996,0.021527,-2.7199858,-4.06,-0.6762443
0.996,0.021539,-2.7196677,-4.06,-0.58064316
0.996,0.021593,2.7182054,-4.06,0.3767824
0.996,0.021615,2.7176143,-4.06,0.485603
0.996,0.021621,2.7174356,-4.06,0.7101838
0.996,0.021643,2.7168692,-4.06,0.70963968
0.996,0.021652,-2.7166247,-4.06,-0.7417862
0.996,0.021712,-2.7149921,-4.06,-0.81160948
0.996,0.021715,2.7149351,-4.06,0.8776483
0.996,0.021719,2.714809,-4.06,0.33976332
0.996,0.021743,-2.7141627,-4.06,-1.18496636
0.996,0.021743,2.7141608,-4.06,0.2561602
0.996,0.021763,2.7136419,-4.06,0.5475637
0.996,0.021782,-2.7131262,-4.07,-0.2988644
0.996,0.021862,2.7109928,-4.07,0.40781648
0.996,0.021868,-2.7108377,-4.07,-0.7514621
0.996,0.021881,2.7104958,-4.07,0.47214394
0.996,0.021925,2.7093318,-4.07,0.31420116
0.996,0.021936,-2.709021,-4.07,-1.61769662
0.996,0.021981,2.7078439,-4.07,0.41272078
0.996,0.021986,-2.7077037,-4.07,-0.8496858
0.996,0.022032,2.7064781,-4.07,0.44278932
0.996,0.0221,2.7046882,-4.07,0.413646
0.996,0.022101,-2.704672,-4.07,-0.40080546
0.996,0.022116,2.7042839,-4.07,0.4420132
0.996,0.022152,2.7033165,-4.07,0.54556552
0.996,0.022168,2.7029071,-4.07,1.24436626
0.996,0.022179,2.7026207,-4.07,0.56598706
0.996,0.022183,2.7025179,-4.07,0.39935146
0.996,0.022198,-2.7021195,-4.07,-1.65093648
0.996,0.022199,-2.7020868,-4.07,-0.2939711
0.996,0.022201,-2.7020388,-4.07,-0.84539312
0.996,0.02221,-2.7018077,-4.07,-0.51899328
0.996,0.022231,2.7012523,-4.07,0.7743613
0.996,0.022256,-2.7006103,-4.07,-0.5457061
0.996,0.022262,2.7004473,-4.07,0.23203002
0.996,0.022283,2.6998848,-4.07,0.45671208
0.996,0.022293,-2.6996257,-4.07,-1.1826761
0.996,0.0223,-2.6994593,-4.07,-0.68382084
0.996,0.022303,2.699369,-4.07,0.28700192
0.996,0.022306,2.6992898,-4.07,0.35930262
0.996,0.022342,-2.6983415,-4.07,-1.51986914
0.996,0.022343,2.6983222,-4.07,0.29464802
0.996,0.022345,2.6982854,-4.07,0.53730098
0.996,0.022355,-2.6980168,-4.07,-0.6739997
0.996,0.022358,2.6979411,-4.07,0.4779083
0.996,0.022367,2.6976928,-4.07,0.66815304
0.996,0.02237,-2.6976162,-4.07,-0.46122396
0.996,0.022388,2.6971542,-4.07,0.3232522
0.996,0.022411,2.696558,-4.07,0.787187
0.996,0.022427,-2.6961489,-4.07,-0.39565278
0.996,0.022458,2.6953454,-4.07,0.62366302
0.996,0.02246,-2.6952876,-4.07,-1.2640893
0.996,0.02246,2.6952761,-4.07,1.4249798
0.996,0.022462,2.6952311,-4.07,0.28346986
0.996,0.022469,-2.6950576,-4.07,-1.3956227
0.996,0.022477,-2.6948589,-4.07,-0.63215466
0.996,0.022493,-2.6944455,-4.07,-0.37950214
0.996,0.022521,2.6937123,-4.07,0.32996886
0.996,0.022558,2.6927522,-4.07,0.50593508
0.996,0.022604,2.6915576,-4.07,0.5911468
0.996,0.02265,2.6903906,-4.07,0.28030142
0.996,0.022656,2.6902386,-4.07,0.516471
0.996,0.022682,2.6895737,-4.07,0.31030652
0.996,0.022722,2.6885461,-4.07,0.46929944
0.996,0.02274,-2.6880676,-4.07,-0.5182923
0.996,0.022769,2.6873419,-4.07,0.36148862
0.996,0.022783,-2.6869779,-4.07,-0.63659448
0.996,0.022842,2.6854617,-4.07,0.34596868
0.996,0.02288,2.6845056,-4.07,0.43805166
0.996,0.022889,2.6842656,-4.07,0.4393635
0.996,0.022918,2.6835445,-4.07,0.48005806
0.996,0.022922,2.6834363,-4.07,0.575163
0.996,0.022925,2.6833489,-4.07,0.78189664
0.996,0.022927,2.683307,-4.07,0.39350384
0.996,0.022946,-2.6828247,-4.07,-1.19530216
0.996,0.023019,2.6809723,-4.08,0.34658188
0.996,0.023022,-2.6808919,-4.08,-1.37447498
0.996,0.023024,2.680853,-4.08,0.44082932
0.996,0.023039,-2.6804725,-4.08,-0.80376376
0.996,0.023063,2.6798769,-4.08,0.32950006
0.996,0.023124,-2.6783318,-4.08,-0.73502236
0.996,0.023153,-2.6776006,-4.08,-0.98515376
0.996,0.023224,-2.6758045,-4.08,-0.2343357
0.996,0.023258,-2.6749611,-4.08,-0.8581764
0.996,0.023284,2.6743135,-4.08,0.4558279
0.996,0.02334,-2.6729206,-4.08,-0.42365508
0.996,0.023349,2.6727041,-4.08,0.39761118
0.996,0.023372,2.6721266,-4.08,0.82256528
0.996,0.023392,-2.6716162,-4.08,-0.46727136
0.996,0.023414,-2.6710628,-4.08,-0.30497082
0.996,0.023421,2.6709073,-4.08,0.58788648
0.996,0.023429,2.6706929,-4.08,0.94273002
0.996,0.023441,2.6704086,-4.08,0.68269692
0.996,0.023449,-2.6702083,-4.08,-0.7379446
0.996,0.023485,-2.669312,-4.08,-1.1334231
0.996,0.023495,2.6690597,-4.08,0.51294002
0.996,0.023496,2.6690495,-4.08,0.53856664
0.996,0.0235,2.6689511,-4.08,0.786446
0.996,0.023503,-2.6688679,-4.08,-0.5749622
0.996,0.023505,2.6688083,-4.08,0.46952236
0.996,0.023514,-2.668584,-4.08,-1.92794564
0.996,0.023528,2.6682412,-4.08,0.43092928
0.996,0.023533,-2.6681209,-4.08,-0.45430964
0.996,0.02354,-2.6679505,-4.08,-0.6376776
0.996,0.023554,2.6676132,-4.08,0.66603478
0.996,0.023554,2.6675933,-4.08,0.52816778
0.996,0.023564,2.6673569,-4.08,0.2883438
0.996,0.023572,2.6671588,-4.08,0.4028244
0.996,0.023578,2.6670138,-4.08,0.6774879
0.996,0.023621,2.6659417,-4.08,0.3774159
0.996,0.023627,-2.6657994,-4.08,-0.2640897
0.996,0.023667,2.6648131,-4.08,0.3150514
0.996,0.023671,2.6647241,-4.08,0.4597208
0.996,0.023675,-2.6646309,-4.08,-1.27569896
0.996,0.023753,-2.6627135,-4.08,-0.58596404
0.996,0.023836,2.6606835,-4.08,0.7295097
0.996,0.023865,-2.6599612,-4.08,-0.35194906
0.996,0.023895,2.6592475,-4.08,0.33755616
0.996,0.023943,-2.6580596,-4.08,-0.5725711
0.996,0.023944,-2.6580518,-4.08,-0.42859172
0.996,0.023964,2.6575516,-4.08,0.68300978
0.996,0.023973,-2.6573391,-4.08,-0.4755484
0.996,0.023976,-2.6572595,-4.08,-0.62976614
0.996,0.024013,2.6563741,-4.08,0.3076187
0.996,0.024095,2.654386,-4.08,0.55803182
0.996,0.024115,2.6538954,-4.08,0.6537292
0.996,0.024119,-2.6538109,-4.08,-0.89447066
0.996,0.02414,2.6532958,-4.08,0.37244564
0.996,0.024158,-2.6528557,-4.08,-0.30724764
0.996,0.024189,2.6521079,-4.08,0.340499
0.996,0.024201,-2.6518384,-4.08,-0.3339282
0.996,0.024218,2.6514118,-4.08,0.28208646
0.996,0.024235,2.6510186,-4.08,0.49415782
0.996,0.02429,-2.6496975,-4.09,-1.13557834
0.996,0.024335,-2.6486078,-4.09,-0.4130898
0.996,0.024402,-2.6470224,-4.09,-2.40637932
0.996,0.024408,-2.6468767,-4.09,-0.29175782
0.996,0.024443,2.6460443,-4.09,0.47606164
0.996,0.024474,-2.6452896,-4.09,-0.63436856
0.996,0.024529,2.6439804,-4.09,0.6782269
0.996,0.024547,-2.6435669,-4.09,-0.3909349
0.996,0.024584,2.642691,-4.09,0.25888816
0.996,0.024589,2.6425746,-4.09,1.1432518
0.996,0.024591,2.6425205,-4.09,0.23653004
0.996,0.024602,2.6422644,-4.09,0.3820368
0.996,0.024628,-2.6416492,-4.09,-0.63267988
0.996,0.024634,2.6414988,-4.09,0.2873346
0.996,0.024685,-2.6403083,-4.09,-0.84491808
0.996,0.024689,2.6402041,-4.09,0.63011922
0.996,0.024717,-2.639551,-4.09,-0.5903785
0.996,0.024719,2.639491,-4.09,0.5595612
0.996,0.024742,-2.6389678,-4.09,-0.88194696
0.996,0.02477,-2.6383073,-4.09,-1.77483528
0.996,0.024771,-2.6382748,-4.09,-0.82530434
0.996,0.024772,2.6382442,-4.09,0.28286734
0.996,0.024775,2.6381942,-4.09,1.15113692
0.996,0.024802,-2.6375384,-4.09,-1.32935878
0.996,0.024815,-2.6372389,-4.09,-0.57015486
0.996,0.02482,2.6371206,-4.09,0.31815864
0.996,0.024825,2.6370023,-4.09,0.69264776
0.996,0.024892,2.6354408,-4.09,0.6838981
0.996,0.024905,-2.635128,-4.09,-0.53536328
0.996,0.024908,-2.6350651,-4.09,-0.49881266
0.996,0.024919,2.6348155,-4.09,0.3481694
0.996,0.024932,2.6345066,-4.09,0.45910202
0.996,0.024946,2.6341837,-4.09,0.42737402
0.996,0.02496,2.6338568,-4.09,0.58046566
0.996,0.024962,2.6338024,-4.09,0.50908088
0.996,0.024974,2.633516,-4.09,0.41657964
0.996,0.024985,2.6332591,-4.09,0.42596984
0.996,0.025008,2.6327354,-4.09,0.80395098
0.996,0.025032,2.6321855,-4.09,0.85094824
0.996,0.025096,2.6306902,-4.09,0.664655
0.996,0.025098,-2.6306339,-4.09,-1.1018976
0.996,0.025105,2.6304759,-4.09,1.3478052
0.996,0.025112,-2.6303127,-4.09,-0.43668788
0.996,0.02512,-2.6301325,-4.09,-0.6291176
0.996,0.025131,-2.6298859,-4.09,-0.89476414
0.996,0.025137,-2.6297489,-4.09,-0.73289266
0.996,0.025138,2.6297085,-4.09,0.48668356
0.996,0.025148,-2.6294862,-4.09,-0.95327556
0.996,0.025151,2.629417,-4.09,0.6866762
0.996,0.025153,-2.6293767,-4.09,-1.24655196
0.996,0.025154,-2.6293477,-4.09,-0.4250249
0.996,0.025185,-2.6286289,-4.09,-0.73675018
0.996,0.025196,-2.6283794,-4.09,-1.87697656
0.996,0.025211,2.6280321,-4.09,0.40382108
0.996,0.025241,2.6273334,-4.09,0.5498669
0.996,0.025245,2.6272476,-4.09,1.16442174
0.996,0.025281,2.6264159,-4.09,0.66234308
0.996,0.025307,2.6258082,-4.09,0.72655034
0.996,0.025324,-2.625429,-4.09,-0.32849402
0.996,0.025349,-2.6248442,-4.09,-0.5355972
0.996,0.025352,2.6247709,-4.09,0.6809371
0.996,0.02536,-2.6246001,-4.09,-0.3763974
0.996,0.02536,-2.6245902,-4.09,-0.39095688
0.996,0.025362,-2.6245429,-4.09,-0.3347141
0.996,0.025399,2.6236921,-4.09,0.70259168
0.996,0.025416,-2.6233071,-4.09,-0.30211478
0.996,0.025427,-2.6230576,-4.09,-0.68566962
0.996,0.025449,-2.6225539,-4.09,-1.92834056
0.996,0.025457,2.6223661,-4.09,0.43257162
0.996,0.025464,2.6222037,-4.09,0.64626636
0.996,0.025493,2.6215616,-4.09,0.71524512
0.996,0.025495,2.6215075,-4.09,0.3173508
0.996,0.025497,-2.6214579,-4.09,-0.66110128
0.996,0.025501,2.6213688,-4.09,0.52761486
0.996,0.025509,2.6211759,-4.09,0.7633766
0.996,0.025543,2.6204002,-4.09,0.49761634
0.996,0.025555,-2.62013,-4.09,-0.8860244
0.996,0.025604,-2.6190176,-4.09,-1.5945754
0.996,0.025605,-2.6189944,-4.09,-0.5281684
0.996,0.025622,2.6186018,-4.1,0.31199814
0.996,0.025649,2.6180027,-4.1,0.52738446
0.996,0.025651,2.6179461,-4.1,0.95132464
0.996,0.025655,2.6178554,-4.1,0.29743408
0.996,0.025682,-2.6172527,-4.1,-0.33454898
0.996,0.025704,2.6167472,-4.1,0.3668538
0.996,0.025786,-2.6149015,-4.1,-0.5840714
0.996,0.025789,2.6148365,-4.1,0.39870038
0.996,0.025854,2.6133571,-4.1,0.61768652
0.996,0.025867,2.6130723,-4.1,0.26529872
0.996,0.025867,2.6130694,-4.1,0.33837698
0.996,0.025894,2.612462,-4.1,0.3614627
0.996,0.025896,2.6124197,-4.1,0.66270708
0.996,0.025918,2.6119128,-4.1,0.57671602
0.996,0.025922,2.6118321,-4.1,0.88709846
0.996,0.025923,2.6118063,-4.1,0.6986144
0.996,0.025938,2.6114721,-4.1,0.24779508
0.996,0.025996,-2.6101682,-4.1,-1.37049388
0.996,0.026028,2.6094663,-4.1,0.2334882
0.996,0.026037,-2.6092473,-4.1,-1.2033308
0.996,0.026047,2.6090391,-4.1,0.9674288
0.996,0.026052,2.6089248,-4.1,0.41810124
0.996,0.026073,2.6084551,-4.1,0.86477274
0.996,0.026108,2.6076614,-4.1,0.29906472
0.996,0.026133,2.6071145,-4.1,0.41645622
0.996,0.026134,-2.6070881,-4.1,-0.30225208
0.996,0.02615,2.6067359,-4.1,1.61414742
0.996,0.026151,2.6067078,-4.1,0.503387
0.996,0.02619,2.6058543,-4.1,0.52171792
0.996,0.026193,2.6057795,-4.1,1.32280472
0.996,0.026197,-2.6056839,-4.1,-1.0857195
0.996,0.026256,2.6043828,-4.1,0.47807682
0.996,0.026264,2.6042065,-4.1,0.55642654
0.996,0.026287,2.6036939,-4.1,0.46218744
0.996,0.026328,2.6027879,-4.1,0.72607588
0.996,0.026363,-2.60201,-4.1,-1.55814614
0.996,0.026385,-2.6015204,-4.1,-0.86058834
0.996,0.02639,-2.6014081,-4.1,-0.41029926
0.996,0.026421,2.6007209,-4.1,0.4784138
0.996,0.026441,2.6002805,-4.1,0.44346336
0.996,0.026443,2.6002514,-4.1,0.77708906
0.996,0.02645,2.6000851,-4.1,0.68397356
0.996,0.026465,-2.5997697,-4.1,-1.23575738
0.996,0.026468,2.5996925,-4.1,0.52762822
0.996,0.026518,2.5985904,-4.1,0.38249472
0.996,0.026547,-2.597959,-4.1,-0.68957718
0.996,0.026559,-2.5977014,-4.1,-0.27776156
0.996,0.026563,2.5976042,-4.1,0.34926836
0.996,0.02658,2.5972453,-4.1,0.40767622
0.996,0.026598,2.5968329,-4.1,0.43634724
0.996,0.026631,-2.5961263,-4.1,-0.21251706
0.996,0.026721,-2.5941567,-4.1,-0.52161098
0.996,0.026785,2.5927664,-4.1,0.78827652
0.996,0.026795,2.5925473,-4.1,0.5898261
0.996,0.026795,2.5925358,-4.1,0.39479376
0.996,0.026812,-2.5921838,-4.1,-0.57321922
0.996,0.026823,-2.5919343,-4.1,-0.3840541
0.996,0.026825,-2.5918854,-4.1,-0.66454182
0.996,0.026833,-2.591714,-4.1,-1.0218536
0.996,0.026835,2.591681,-4.1,0.64855076
0.996,0.026845,-2.5914694,-4.1,-0.62513092
0.996,0.026897,2.5903381,-4.1,0.28655888
0.996,0.026906,-2.5901299,-4.1,-0.64372442
0.996,0.026916,2.5899146,-4.1,0.55880356
0.996,0.026931,-2.5895882,-4.1,-0.6041636
0.996,0.026947,2.589244,-4.1,0.2806094
0.996,0.026971,-2.5887268,-4.1,-0.3531519
0.996,0.027005,-2.5880078,-4.1,-0.65841798
0.996,0.027007,2.5879616,-4.1,0.76886064
0.996,0.027048,-2.5870759,-4.11,-0.56281626
0.996,0.027075,2.5865006,-4.11,0.25536072
0.996,0.027096,-2.5860328,-4.11,-1.37798558
0.996,0.027122,2.585485,-4.11,0.5851862
0.996,0.027139,2.5851114,-4.11,0.29062226
0.996,0.027144,2.5849989,-4.11,0.30719712
0.996,0.027187,-2.5840792,-4.11,-0.72081478
0.996,0.027218,2.5834219,-4.11,0.4638451
0.996,0.027227,2.5832362,-4.11,0.53405566
0.996,0.027244,-2.5828658,-4.11,-0.85241458
0.996,0.027277,2.5821657,-4.11,0.79240158
0.996,0.027306,2.5815475,-4.11,0.5645963
0.996,0.027315,-2.5813468,-4.11,-0.74873546
0.996,0.027335,2.5809257,-4.11,0.96851618
0.996,0.027344,2.5807232,-4.11,0.27605974
0.996,0.027373,2.5801085,-4.11,1.9987424
0.996,0.027384,2.5798865,-4.11,0.83016108
0.996,0.027422,2.5790702,-4.11,0.36005536
0.996,0.027437,-2.5787487,-4.11,-0.70277838
0.996,0.027444,2.5786051,-4.11,0.37984116
0.996,0.027449,2.5785103,-4.11,0.30620378
0.996,0.027468,2.5780892,-4.11,0.4938333
0.996,0.027491,-2.5776197,-4.11,-0.41166344
0.996,0.027498,2.5774683,-4.11,0.405031
0.996,0.027506,-2.5772963,-4.11,-0.38111136
0.996,0.027545,2.5764611,-4.11,0.30411334
0.996,0.027551,2.5763415,-4.11,0.67095104
0.996,0.027606,2.5751858,-4.11,0.72903158
0.996,0.027649,2.5742794,-4.11,0.3610899
0.996,0.027735,2.5724697,-4.11,0.23735628
0.996,0.027741,2.5723345,-4.11,0.43031672
0.996,0.027753,2.5720799,-4.11,0.32618198
0.996,0.027783,-2.5714523,-4.11,-0.2183721
0.996,0.027795,-2.5712076,-4.11,-0.24329162
0.996,0.027821,2.570657,-4.11,0.50194428
0.996,0.027827,-2.5705342,-4.11,-0.96942926
0.996,0.02783,2.5704798,-4.11,0.40039148
0.996,0.027845,-2.5701527,-4.11,-1.93619428
0.996,0.027853,-2.5699866,-4.11,-1.63558286
0.996,0.027854,2.5699629,-4.11,0.6566464
0.996,0.027858,-2.5698856,-4.11,-0.4598587
0.996,0.027891,2.5691938,-4.11,0.68087064
0.996,0.027912,-2.5687567,-4.11,-0.80903324
0.996,0.027915,-2.5686993,-4.11,-1.06891012
0.996,0.027955,2.5678513,-4.11,0.60656014
0.996,0.027978,2.5673865,-4.11,0.2685417
0.996,0.02798,-2.567335,-4.11,-0.51140554
0.996,0.028002,-2.5668766,-4.11,-0.56078392
0.996,0.028025,-2.5663924,-4.11,-0.5049858
0.996,0.028062,2.5656299,-4.11,0.45303084
0.996,0.028081,2.5652468,-4.11,0.65539636
0.996,0.028085,2.5651476,-4.11,0.29456164
0.996,0.028105,-2.5647446,-4.11,-0.49307584
0.996,0.028109,-2.5646555,-4.11,-0.74709988
0.996,0.028112,-2.5645889,-4.11,-0.64860514
0.996,0.028118,2.5644793,-4.11,0.60139018
0.996,0.028132,-2.5641907,-4.11,-1.50596632
0.996,0.028141,-2.5639908,-4.11,-1.2173795
0.996,0.028151,-2.5637828,-4.11,-0.52888254
0.996,0.028219,-2.5623782,-4.11,-0.6590047
0.996,0.02823,2.5621527,-4.11,0.26297608
0.996,0.028235,2.5620579,-4.11,0.27743174
0.996,0.028252,2.5616973,-4.11,1.41952298
0.996,0.028265,2.5614359,-4.11,0.21033316
0.996,0.02828,-2.5611244,-4.11,-0.40914158
0.996,0.028287,-2.5609717,-4.11,-0.55286494
0.996,0.028291,2.5609037,-4.11,1.2433996
0.996,0.028293,2.5608622,-4.11,1.0346658
0.996,0.028314,2.5604239,-4.11,0.23764368
0.996,0.028321,2.560274,-4.11,0.52606562
0.996,0.028331,-2.5600784,-4.11,-0.41457338
0.996,0.028337,-2.5599502,-4.11,-0.86229214
0.996,0.02834,2.5598995,-4.11,0.7844208
0.996,0.028365,-2.5593757,-4.11,-0.6830124
0.996,0.028392,2.5588258,-4.11,0.6523128
0.996,0.0284,-2.5586613,-4.11,-0.3011799
0.996,0.028443,-2.5577843,-4.11,-0.3955274
0.996,0.028453,2.5575732,-4.11,0.602698
0.996,0.028465,-2.5573265,-4.11,-0.60262374
0.996,0.028496,2.5566985,-4.11,0.48237938
0.996,0.0285,2.5566175,-4.11,0.72209844
0.996,0.028513,-2.5563482,-4.12,-0.56913928
0.996,0.028515,-2.5563134,-4.12,-0.37599968
0.996,0.028519,-2.5562164,-4.12,-1.20701474
0.996,0.028528,2.5560475,-4.12,0.3586751
0.996,0.028548,-2.5556358,-4.12,-0.83297916
0.996,0.028561,-2.5553589,-4.12,-1.23618124
0.996,0.028591,2.5547618,-4.12,0.57507834
0.996,0.028598,-2.554613,-4.12,-0.29459138
0.996,0.028607,-2.5544215,-4.12,-0.5972719
0.996,0.028621,2.5541385,-4.12,0.69376348
0.996,0.028626,2.5540414,-4.12,0.47607594
0.996,0.028646,-2.5536343,-4.12,-1.146381
0.996,0.028659,-2.5533591,-4.12,-0.6059214
0.996,0.02866,2.5533417,-4.12,0.58199906
0.996,0.028677,-2.5530095,-4.12,-0.42600126
0.996,0.028682,2.5528998,-4.12,0.43390634
0.996,0.028684,2.5528665,-4.12,0.9678524
0.996,0.028684,-2.5528654,-4.12,-0.64678706
0.996,0.028693,-2.5526835,-4.12,-0.97714628
0.996,0.028714,2.5522608,-4.12,0.72401518
0.996,0.028723,-2.5520629,-4.12,-0.76250532
0.996,0.028757,-2.5513784,-4.12,-0.39856774
0.996,0.028779,2.5509334,-4.12,0.32126046
0.996,0.028796,2.550585,-4.12,0.35635804
0.996,0.028801,-2.5504799,-4.12,-0.40438284
0.996,0.028818,2.5501441,-4.12,0.5472498
0.996,0.028823,-2.5500443,-4.12,-0.35838744
0.996,0.028827,2.5499585,-4.12,1.06774534
0.996,0.028859,-2.5493227,-4.12,-0.83564038
0.996,0.028881,-2.5488759,-4.12,-1.43210612
0.996,0.028908,-2.5483343,-4.12,-1.590522
0.996,0.028916,2.5481631,-4.12,0.325219
0.996,0.028921,-2.5480607,-4.12,-1.74932774
0.996,0.02898,2.5468815,-4.12,0.61325032
0.996,0.02902,-2.5460723,-4.12,-0.5839975
0.996,0.029034,2.5457919,-4.12,0.34292054
0.996,0.029043,2.5456105,-4.12,0.5700888
0.996,0.029065,-2.5451717,-4.12,-0.2545727
0.996,0.029071,2.545056,-4.12,0.3025953
0.996,0.02908,2.5448674,-4.12,0.67824788
0.996,0.029128,-2.543901,-4.12,-0.4625356
0.996,0.029129,-2.543889,-4.12,-0.39992282
0.996,0.029165,2.5431716,-4.12,0.26573964
0.996,0.029181,2.542852,-4.12,0.6092049
0.996,0.029222,-2.5420349,-4.12,-0.25654666
0.996,0.029277,2.5409337,-4.12,0.5105326
0.996,0.029349,2.5395087,-4.12,0.51050932
0.996,0.029364,2.5392081,-4.12,0.77141302
0.996,0.029367,2.5391452,-4.12,1.74524554
0.996,0.02939,-2.5386836,-4.12,-0.69414264
0.996,0.02942,2.5381062,-4.12,0.4540896
0.996,0.029423,-2.5380327,-4.12,-1.34170484
0.996,0.029464,-2.5372325,-4.12,-0.66328208
0.996,0.029468,2.5371438,-4.12,0.64778458
0.996,0.029476,-2.5369866,-4.12,-2.11228882
0.996,0.029502,2.5364717,-4.12,0.58903126
0.996,0.029555,-2.5354293,-4.12,-1.5314075
0.996,0.029574,-2.5350522,-4.12,-0.44965382
0.996,0.029632,-2.53391,-4.12,-0.5903691
0.996,0.029641,-2.5337426,-4.12,-0.4264074
0.996,0.029644,-2.53367,-4.12,-0.59394468
0.996,0.029706,-2.5324675,-4.12,-0.34582912
0.996,0.029779,-2.5310206,-4.12,-0.57308764
0.996,0.029781,-2.5309916,-4.12,-0.64573488
0.996,0.029787,2.5308799,-4.12,0.450124
0.996,0.029861,-2.5294151,-4.12,-0.76520624
0.996,0.029939,2.5279108,-4.12,0.5466438
0.996,0.02997,2.527308,-4.12,1.03451914
0.996,0.029988,-2.5269435,-4.12,-0.5782937
0.996,0.029994,-2.5268318,-4.12,-0.79914932
0.996,0.029996,2.5267991,-4.12,0.52881366
0.996,0.030018,2.5263738,-4.12,0.65104878
0.996,0.030048,-2.5257845,-4.12,-0.64248872
0.996,0.030105,-2.5246835,-4.13,-0.8851471
0.996,0.030131,2.5241691,-4.13,0.57612176
0.996,0.03019,-2.5230468,-4.13,-0.53670688
0.996,0.030221,-2.5224447,-4.13,-0.8210622
0.996,0.030225,2.5223608,-4.13,0.44846446
0.996,0.030254,2.5217978,-4.13,0.34843138
0.996,0.03027,2.5214854,-4.13,0.37935836
0.996,0.030342,-2.5201079,-4.13,-0.3121897
0.996,0.030351,-2.5199321,-4.13,-1.43423128
0.996,0.030355,-2.5198678,-4.13,-0.73131472
0.996,0.030356,-2.51985,-4.13,-0.75874534
0.996,0.030357,2.5198179,-4.13,0.315025
0.996,0.030359,2.5197739,-4.13,0.22426178
0.996,0.030378,-2.5194176,-4.13,-0.39664606
0.996,0.030389,-2.5192109,-4.13,-0.5591887
0.996,0.030421,-2.5186025,-4.13,-0.28027532
0.996,0.030435,-2.5183173,-4.13,-1.58902482
0.996,0.030443,2.5181669,-4.13,0.39188766
0.996,0.030455,-2.5179384,-4.13,-0.58098186
0.996,0.03049,-2.517275,-4.13,-0.3021497
0.996,0.030493,2.5172209,-4.13,0.2390106
0.996,0.030572,2.515702,-4.13,0.31749196
0.996,0.030584,2.5154785,-4.13,0.54839158
0.996,0.030584,-2.5154758,-4.13,-0.4797504
0.996,0.030595,-2.5152678,-4.13,-0.41830724
0.996,0.030628,2.5146444,-4.13,0.45542146
0.996,0.030678,-2.5136903,-4.13,-0.57600512
0.996,0.030731,-2.5126798,-4.13,-0.56597044
0.996,0.030741,-2.5124932,-4.13,-0.95984546
0.996,0.030745,-2.5124209,-4.13,-0.7708256
0.996,0.030755,-2.5122203,-4.13,-0.7538362
0.996,0.030882,2.5098285,-4.13,0.53694386
0.996,0.03089,-2.50968,-4.13,-0.44144762
0.996,0.03089,2.5096746,-4.13,0.56445432
0.996,0.030896,2.5095583,-4.13,0.96450172
0.996,0.030934,-2.5088355,-4.13,-0.80706802
0.996,0.030934,-2.5088339,-4.13,-0.63998714
0.996,0.03096,-2.5083537,-4.13,-1.11002376
0.996,0.030976,-2.5080572,-4.13,-0.39351094
0.996,0.031,-2.5076082,-4.13,-0.32097806
0.996,0.03102,2.5072214,-4.13,0.70451222
0.996,0.03102,2.5072171,-4.13,0.33375566
0.996,0.031044,-2.5067791,-4.13,-1.3663892
0.996,0.031059,-2.5064983,-4.13,-0.50199656
0.996,0.031117,2.5054039,-4.13,0.51677146
0.996,0.03115,2.5047785,-4.13,0.34231224
0.996,0.031151,2.5047689,-4.13,0.5191222
0.996,0.031158,-2.5046298,-4.13,-0.26615226
0.996,0.031192,2.5040051,-4.13,1.40262948
0.996,0.031199,2.5038713,-4.13,1.0023082
0.996,0.031226,2.5033686,-4.13,0.27412372
0.996,0.03128,2.5023622,-4.13,0.38288234
0.996,0.031291,2.5021481,-4.13,0.2852762
0.996,0.031323,2.5015493,-4.13,0.8737064
0.996,0.031348,-2.5010978,-4.13,-0.25488686
0.996,0.031348,2.5010958,-4.13,0.22229764
0.996,0.03136,-2.5008722,-4.13,-0.7252028
0.996,0.031407,2.4999996,-4.13,0.23607164
0.996,0.031438,2.4994197,-4.13,0.85206426
0.996,0.031468,2.4988629,-4.13,0.38645298
0.996,0.031478,-2.4986847,-4.13,-0.6571339
0.996,0.031498,-2.4983004,-4.13,-0.44689968
0.996,0.031527,2.4977674,-4.13,0.3778116
0.996,0.03153,2.4977197,-4.13,0.54235432
0.996,0.031545,2.497436,-4.13,0.65683482
0.996,0.031569,2.4969849,-4.13,0.33479598
0.996,0.0316,-2.4964118,-4.13,-0.60265764
0.996,0.031627,2.4959275,-4.13,0.3742939
0.996,0.031629,2.4958832,-4.13,0.36840892
0.996,0.031661,-2.4953,-4.13,-0.87169372
0.996,0.031677,2.4950054,-4.14,0.37377254
0.996,0.031679,-2.4949709,-4.14,-0.9550685
0.996,0.031695,2.4946718,-4.14,0.863813
0.996,0.031759,-2.4934885,-4.14,-0.80162246
0.996,0.031765,2.4933837,-4.14,1.15239338
0.996,0.031774,-2.4932113,-4.14,-0.69688666
0.996,0.031798,2.492783,-4.14,0.36169474
0.996,0.031825,2.4922893,-4.14,0.28585194
0.996,0.031852,-2.4917936,-4.14,-0.69404698
0.996,0.031855,2.4917344,-4.14,0.43884176
0.996,0.031913,2.4906785,-4.14,0.41609472
0.996,0.031932,2.4903226,-4.14,0.65507548
0.996,0.031939,-2.4901862,-4.14,-0.36467086
0.996,0.031979,-2.4894599,-4.14,-1.02741486
0.996,0.031996,-2.4891479,-4.14,-0.83400846
0.996,0.032022,2.4886812,-4.14,0.6104001
0.996,0.032046,2.4882435,-4.14,0.5368271
0.996,0.032087,2.4874895,-4.14,0.49990348
0.996,0.032101,2.4872462,-4.14,0.4691738
0.996,0.032114,-2.487,-4.14,-1.06341304
0.996,0.032134,2.4866457,-4.14,0.58486604
0.996,0.032222,-2.485051,-4.14,-0.2708696
0.996,0.032232,-2.4848751,-4.14,-0.32042428
0.996,0.032234,-2.4848307,-4.14,-0.5228728
0.996,0.032241,2.4847079,-4.14,0.22299772
0.996,0.032247,2.4845973,-4.14,0.42369928
0.996,0.032251,2.4845207,-4.14,0.3364982
0.996,0.032264,2.4842813,-4.14,0.5366656
0.996,0.032297,-2.4836925,-4.14,-0.23626002
0.996,0.032301,2.4836185,-4.14,0.5229092
0.996,0.032303,2.4835851,-4.14,0.45453558
0.996,0.032364,2.4824862,-4.14,0.88150094
0.996,0.032368,2.4824156,-4.14,1.4556576
0.996,0.032406,2.4817352,-4.14,0.35322526
0.996,0.032406,-2.481723,-4.14,-0.63875382
0.996,0.032412,-2.4816158,-4.14,-0.37350028
0.996,0.032429,2.4813127,-4.14,0.42589116
0.996,0.032449,-2.4809613,-4.14,-1.31613386
0.996,0.032474,2.4805004,-4.14,0.52733508
0.996,0.032486,2.4802874,-4.14,0.22711062
0.996,0.032496,-2.4801081,-4.14,-0.70786084
0.996,0.032522,-2.4796406,-4.14,-0.34297528
0.996,0.032531,2.4794734,-4.14,0.32320788
0.996,0.032601,2.4782303,-4.14,0.66850246
0.996,0.032604,2.4781736,-4.14,0.22829984
0.996,0.032622,-2.47785,-4.14,-0.33633182
0.996,0.032622,2.4778491,-4.14,0.68199354
0.996,0.032634,-2.4776336,-4.14,-0.64887418
0.996,0.032653,-2.477301,-4.14,-0.54804248
0.996,0.032672,-2.4769479,-4.14,-1.08410722
0.996,0.032692,-2.4765919,-4.14,-1.24419914
0.996,0.032693,-2.4765834,-4.14,-0.81390752
0.996,0.032701,2.476437,-4.14,0.36925154
0.996,0.032733,2.4758748,-4.14,0.55214716
0.996,0.032764,2.4753084,-4.14,0.2793305
0.996,0.032797,2.474736,-4.14,0.47339614
0.996,0.032797,-2.4747252,-4.14,-0.56732874
0.996,0.032824,-2.4742399,-4.14,-0.7348984
0.996,0.032833,2.474084,-4.14,0.235371
0.996,0.03285,2.4737941,-4.14,0.6067813
0.996,0.032862,2.4735785,-4.14,0.4357147
0.996,0.032893,2.4730155,-4.14,0.38743914
0.996,0.032895,2.4729909,-4.14,0.2722486
0.996,0.032903,-2.4728406,-4.14,-0.9849929
0.996,0.032942,2.4721562,-4.14,0.421806
0.996,0.032948,2.4720538,-4.14,0.53410826
0.996,0.032967,-2.4717083,-4.14,-0.2897396
0.996,0.032993,2.4712556,-4.14,0.27873402
0.996,0.032994,-2.4712356,-4.14,-0.59074248
0.996,0.033017,2.470823,-4.14,0.6725698
0.996,0.03305,-2.4702401,-4.14,-1.33709582
0.996,0.03306,2.4700698,-4.14,0.4389535
0.996,0.033074,2.4698204,-4.14,0.4105606
0.996,0.033083,-2.4696612,-4.14,-0.58843154
0.996,0.033113,-2.4691269,-4.14,-1.07920312
0.996,0.033126,2.4689102,-4.14,1.02868582
0.996,0.033136,2.4687304,-4.14,0.7173417
0.996,0.033204,-2.4675222,-4.14,-0.62558984
0.996,0.033224,2.4671783,-4.14,0.36439352
0.996,0.033239,2.4669112,-4.14,0.52038144
0.996,0.033241,-2.4668784,-4.14,-1.64562192
0.996,0.033258,-2.4665808,-4.14,-0.65742968
0.996,0.033279,-2.4662093,-4.14,-1.0423802
0.996,0.0333,-2.4658533,-4.14,-0.46997684
0.996,0.033302,2.4658107,-4.14,0.3384121
0.996,0.03342,-2.4637368,-4.15,-0.67592258
0.996,0.033425,2.4636564,-4.15,0.26357914
0.996,0.033458,-2.4630732,-4.15,-0.2720724
0.996,0.033467,-2.4629202,-4.15,-0.54170966
0.996,0.033474,2.4628082,-4.15,0.4602075
0.996,0.033535,2.4617448,-4.15,0.73944904
0.996,0.033542,2.4616172,-4.15,0.571134
0.996,0.033547,2.4615261,-4.15,0.4983382
0.996,0.033555,-2.4613993,-4.15,-0.451068
0.996,0.033617,-2.460314,-4.15,-0.77229464
0.996,0.033628,2.4601303,-4.15,1.123004
0.996,0.033655,-2.4596465,-4.15,-0.38581668
0.996,0.033721,2.4585134,-4.15,0.54466834
0.996,0.033758,-2.4578632,-4.15,-0.63678738
0.996,0.033769,-2.4576794,-4.15,-0.51644854
0.996,0.033834,-2.456556,-4.15,-1.30129844
0.996,0.033873,2.455891,-4.15,0.65545168
0.996,0.033875,2.4558509,-4.15,0.5800273
0.996,0.033915,-2.4551563,-4.15,-0.5766024
0.996,0.033916,-2.455147,-4.15,-0.55108616
0.996,0.033942,2.4546963,-4.15,0.2369949
0.996,0.033947,2.4546189,-4.15,0.42896906
0.996,0.033988,2.4539084,-4.15,0.2175266
0.996,0.034,2.4536977,-4.15,0.3552464
0.996,0.034013,2.4534689,-4.15,0.89751868
0.996,0.034026,-2.4532485,-4.15,-1.56142756
0.996,0.034092,-2.4521291,-4.15,-0.5856682
0.996,0.034092,-2.4521269,-4.15,-0.63381
0.996,0.034096,2.4520513,-4.15,0.74418566
0.996,0.034132,2.4514447,-4.15,2.71507018
0.996,0.034163,2.4508987,-4.15,0.4490154
0.996,0.034167,-2.4508374,-4.15,-0.27828914
0.996,0.034201,2.4502656,-4.15,0.37162664
0.996,0.034218,-2.4499677,-4.15,-0.9962005
0.996,0.034234,-2.4497008,-4.15,-0.49134296
0.996,0.034236,-2.4496537,-4.15,-0.46077872
0.996,0.034263,-2.4491938,-4.15,-0.51075884
0.996,0.034275,-2.4489964,-4.15,-0.56288192
0.996,0.034293,-2.4486845,-4.15,-0.50094268
0.996,0.034347,2.4477684,-4.15,0.3398318
0.996,0.034353,2.4476642,-4.15,0.54763402
0.996,0.034392,2.4470007,-4.15,0.81578646
0.996,0.034424,2.4464701,-4.15,0.4033005
0.996,0.034463,2.4458032,-4.15,0.67648654
0.996,0.034467,-2.4457371,-4.15,-0.67653
0.996,0.034473,2.445634,-4.15,0.43024938
0.996,0.034476,2.4455781,-4.15,0.45954802
0.996,0.034478,-2.4455478,-4.15,-0.6163038
0.996,0.034495,-2.4452536,-4.15,-0.456772
0.996,0.034583,2.4437632,-4.15,0.76228476
0.996,0.034608,2.4433517,-4.15,0.2175472
0.996,0.034608,2.4433513,-4.15,0.70232004
0.996,0.03463,2.4429705,-4.15,0.474523
0.996,0.034645,-2.4427169,-4.15,-1.0453198
0.996,0.034649,2.4426617,-4.15,1.04701314
0.996,0.034649,2.4426514,-4.15,0.29769742
0.996,0.034695,-2.4418822,-4.15,-0.94140292
0.996,0.034711,2.4416052,-4.15,0.3275134
0.996,0.034801,-2.4401011,-4.15,-1.0242774
0.996,0.034807,2.439998,-4.15,0.5175062
0.996,0.034865,-2.4390277,-4.15,-0.79134132
0.996,0.034873,2.4389011,-4.15,0.43451148
0.996,0.034886,2.4386748,-4.15,0.24792362
0.996,0.034888,2.4386469,-4.15,0.40996762
0.996,0.034889,-2.4386306,-4.15,-0.69195976
0.996,0.034891,-2.438589,-4.15,-0.33181912
0.996,0.034894,2.4385484,-4.15,0.666596
0.996,0.034896,-2.4385141,-4.15,-0.79348594
0.996,0.034915,2.4381839,-4.15,0.38518042
0.996,0.03493,-2.437946,-4.15,-0.42744038
0.996,0.034958,-2.4374748,-4.15,-0.71945402
0.996,0.034963,-2.4373903,-4.15,-0.42271234
0.996,0.034969,2.437288,-4.15,0.24822244
0.996,0.034977,-2.4371611,-4.15,-0.6069318
0.996,0.03502,2.4364354,-4.15,1.0132178
0.996,0.035034,-2.4362064,-4.15,-0.50446372
0.996,0.035035,-2.4361882,-4.15,-0.45107768
0.996,0.035057,2.4358129,-4.15,0.8850346
0.996,0.035095,2.4351882,-4.15,0.92698806
0.996,0.035103,-2.4350509,-4.15,-0.60729608
0.996,0.035107,2.4349841,-4.15,0.30690238
0.996,0.035117,-2.4348191,-4.15,-0.63028426
0.996,0.035148,-2.4343035,-4.15,-0.98401522
0.996,0.035157,2.4341616,-4.15,0.4614487
0.996,0.035163,2.4340479,-4.16,0.3790236
0.996,0.035228,2.4329742,-4.16,0.25257558
0.996,0.035244,2.4327187,-4.16,0.24541382
0.996,0.035244,2.4327176,-4.16,0.2623371
0.996,0.035271,-2.432264,-4.16,-0.5769717
0.996,0.03528,2.4321144,-4.16,0.47665994
0.996,0.035306,2.4316819,-4.16,0.30299256
0.996,0.035356,-2.4308612,-4.16,-0.5337802
0.996,0.035413,2.4299135,-4.16,0.34231276
0.996,0.035424,2.4297382,-4.16,0.35010322
0.996,0.035429,2.4296484,-4.16,0.3892199
0.996,0.035454,2.4292332,-4.16,0.39037758
0.996,0.035479,-2.4288246,-4.16,-1.32905394
0.996,0.035506,-2.4283877,-4.16,-0.5977804
0.996,0.035509,2.4283312,-4.16,0.4220507
0.996,0.035545,2.4277456,-4.16,0.3491797
0.996,0.035557,-2.4275403,-4.16,-0.51567252
0.996,0.03558,-2.4271726,-4.16,-1.16621348
0.996,0.035587,2.4270496,-4.16,0.24576818
0.996,0.0356,-2.426842,-4.16,-0.72511092
0.996,0.035604,-2.4267819,-4.16,-0.3949525
0.996,0.035634,2.4262757,-4.16,0.60371664
0.996,0.035669,-2.4257149,-4.16,-0.45126726
0.996,0.035673,2.4256396,-4.16,0.3335044
0.996,0.035678,-2.4255673,-4.16,-0.535711
0.996,0.035713,2.4249845,-4.16,0.95385278
0.996,0.035739,-2.4245675,-4.16,-1.0495272
0.996,0.035763,-2.4241618,-4.16,-0.60806452
0.996,0.035828,-2.4231101,-4.16,-0.7585866
0.996,0.035834,-2.4230167,-4.16,-1.84557222
0.996,0.035896,-2.4219946,-4.16,-0.42663854
0.996,0.035916,-2.4216819,-4.16,-0.33266116
0.996,0.035933,-2.4213976,-4.16,-0.35259268
0.996,0.035969,-2.4208117,-4.16,-0.74295142
0.996,0.035987,-2.4205161,-4.16,-0.40764198
0.996,0.035998,2.4203461,-4.16,0.23474996
0.996,0.036,-2.420315,-4.16,-0.86677818
0.996,0.036022,-2.4199563,-4.16,-0.59519966
0.996,0.036033,2.4197698,-4.16,0.5635658
0.996,0.036044,2.419598,-4.16,0.28430674
0.996,0.03605,2.4194929,-4.16,0.4624866
0.996,0.036087,2.4188964,-4.16,0.42787198
0.996,0.036108,-2.4185597,-4.16,-1.2482612
0.996,0.036125,2.4182783,-4.16,0.34291906
0.996,0.036159,-2.4177274,-4.16,-1.71082096
0.996,0.036171,-2.4175341,-4.16,-0.2403564
0.996,0.036174,-2.4174906,-4.16,-0.3485862
0.996,0.036182,2.4173696,-4.16,0.30650498
0.996,0.036186,2.4172926,-4.16,0.9589984
0.996,0.036275,2.4158626,-4.16,0.5904917
0.996,0.03628,-2.4157817,-4.16,-0.7882147
0.996,0.03629,2.415624,-4.16,0.44685744
0.996,0.036314,2.4152319,-4.16,0.6318293
0.996,0.036334,2.4149121,-4.16,0.27811492
0.996,0.036345,-2.4147369,-4.16,-0.51226822
0.996,0.036353,2.4146104,-4.16,0.6436542
0.996,0.036374,-2.414261,-4.16,-0.345848
0.996,0.036386,-2.4140805,-4.16,-0.6178654
0.996,0.036389,2.4140292,-4.16,0.72988652
0.996,0.036442,-2.4131715,-4.16,-0.3342069
0.996,0.036457,-2.4129336,-4.16,-0.69547924
0.996,0.036459,2.4129068,-4.16,0.4910586
0.996,0.036489,-2.4124277,-4.16,-0.62149364
0.996,0.036492,2.4123745,-4.16,0.40010204
0.996,0.036513,2.4120443,-4.16,0.75671702
0.996,0.036533,2.4117158,-4.16,0.6635446
0.996,0.036544,2.4115479,-4.16,0.54112486
0.996,0.036547,2.4114878,-4.16,0.25489184
0.996,0.036567,2.4111688,-4.16,0.40571736
0.996,0.036598,2.4106742,-4.16,0.50154074
0.996,0.036608,-2.4105148,-4.16,-0.21789434
0.996,0.036666,-2.4095938,-4.16,-0.50468228
0.996,0.03669,2.4092162,-4.16,0.485071
0.996,0.036726,2.4086335,-4.16,0.69767426
0.996,0.036755,-2.4081829,-4.16,-0.33909864
0.996,0.036785,-2.4077035,-4.16,-2.01227552
0.996,0.036805,2.4073862,-4.16,1.16063186
0.996,0.036829,-2.4070024,-4.16,-0.96634968
0.996,0.03684,2.4068278,-4.16,0.5532656
0.996,0.036852,2.4066383,-4.16,0.5350593
0.996,0.036853,2.406626,-4.16,0.26398362
0.996,0.036856,-2.4065732,-4.16,-0.47103374
0.996,0.036908,-2.4057402,-4.16,-1.59671436
0.996,0.036917,-2.4056039,-4.16,-0.747761
0.996,0.036936,-2.4052971,-4.16,-0.56521064
0.996,0.036988,2.4044745,-4.16,0.3124183
0.996,0.037002,2.4042661,-4.16,0.8786004
0.996,0.037018,2.4040073,-4.16,0.32623114
0.996,0.037038,-2.4036846,-4.17,-0.5471174
0.996,0.03705,2.4035047,-4.17,0.36471924
0.996,0.037059,-2.4033625,-4.17,-1.19972952
0.996,0.037159,2.4017853,-4.17,0.49426696
0.996,0.037164,-2.4017094,-4.17,-1.7675666
0.996,0.037195,-2.4012225,-4.17,-0.69113054
0.996,0.037214,2.4009248,-4.17,0.76072114
0.996,0.037227,-2.4007204,-4.17,-0.73251122
0.996,0.037233,-2.4006142,-4.17,-0.36574838
0.996,0.037344,2.3988791,-4.17,0.42006488
0.996,0.037375,-2.3983884,-4.17,-0.97841708
0.996,0.037445,2.3973029,-4.17,0.26033884
0.996,0.03745,2.3972276,-4.17,0.5207272
0.996,0.037451,2.3972085,-4.17,1.00426362
0.996,0.037456,2.3971295,-4.17,0.90063714
0.996,0.037486,-2.3966634,-4.17,-0.24726072
0.996,0.0375,-2.3964381,-4.17,-0.66687846
0.996,0.0375,2.3964364,-4.17,0.5381192
0.996,0.037521,-2.396115,-4.17,-0.61476386
0.996,0.03753,-2.3959707,-4.17,-0.38571526
0.996,0.0376,-2.3948895,-4.17,-1.10005452
0.996,0.037625,-2.3944913,-4.17,-0.88063176
0.996,0.037662,2.393926,-4.17,0.4719591
0.996,0.037686,2.3935519,-4.17,0.9254211
0.996,0.03771,-2.3931817,-4.17,-0.3463822
0.996,0.037721,-2.3930047,-4.17,-0.4353356
0.996,0.037749,-2.3925705,-4.17,-0.643185
0.996,0.037757,-2.3924508,-4.17,-2.46377356
0.996,0.037784,2.3920251,-4.17,0.5067558
0.996,0.03779,-2.3919306,-4.17,-0.3532641
0.996,0.037793,-2.3918888,-4.17,-0.9474456
0.996,0.037841,2.3911405,-4.17,0.4649224
0.996,0.037851,2.3909856,-4.17,0.2903035
0.996,0.037868,2.3907276,-4.17,0.3159135
0.996,0.03795,2.3894575,-4.17,0.2990431
0.996,0.037968,2.3891868,-4.17,0.3376959
0.996,0.037985,-2.3889297,-4.17,-1.12575136
0.996,0.037995,-2.3887707,-4.17,-0.8400254
0.996,0.038031,2.3882145,-4.17,0.34837536
0.996,0.038039,-2.3880954,-4.17,-1.2127321
0.996,0.038058,2.3877979,-4.17,0.60809174
0.996,0.038095,2.3872355,-4.17,0.2923903
0.996,0.038102,2.3871218,-4.17,0.42672004
0.996,0.038161,2.386213,-4.17,0.23466232
0.996,0.038176,-2.38599,-4.17,-0.592907
0.996,0.038202,-2.3855837,-4.17,-0.32561882
0.996,0.038246,-2.3849156,-4.17,-1.7297918
0.996,0.038262,-2.3846658,-4.17,-0.61640018
0.996,0.038274,2.3844942,-4.17,0.41197668
0.996,0.038276,2.3844652,-4.17,0.3200539
0.996,0.038348,2.3833596,-4.17,0.86314462
0.996,0.038382,-2.3828331,-4.17,-0.35235836
0.996,0.038384,-2.3828086,-4.17,-1.18368482
0.996,0.038426,2.3821707,-4.17,0.50423004
0.996,0.038433,2.3820567,-4.17,0.33309228
0.996,0.038438,-2.381992,-4.17,-0.2235433
0.996,0.038482,2.3813227,-4.17,0.5576108
0.996,0.038526,-2.3806544,-4.17,-0.34568416
0.996,0.038529,2.3805981,-4.17,0.3956796
0.996,0.038535,-2.3805121,-4.17,-0.75266132
0.996,0.038574,-2.3799263,-4.17,-0.3345101
0.996,0.038586,2.3797365,-4.17,0.5986905
0.996,0.038599,-2.379546,-4.17,-0.54180936
0.996,0.038612,2.3793473,-4.17,0.25053086
0.996,0.038616,2.3792877,-4.17,0.5550329
0.996,0.038637,2.3789607,-4.17,0.29457934
0.996,0.038654,2.3787114,-4.17,0.3229307
0.996,0.038657,-2.3786605,-4.17,-0.71034052
0.996,0.03874,-2.3774129,-4.17,-0.38708496
0.996,0.038793,2.3766035,-4.17,0.64502546
0.996,0.038796,2.3765671,-4.17,0.71271726
0.996,0.038835,2.3759788,-4.17,0.4402639
0.996,0.038852,-2.3757244,-4.17,-0.42318476
0.996,0.038853,-2.375695,-4.17,-1.30222536
0.996,0.038855,2.375675,-4.17,0.87694666
0.996,0.038866,2.3755018,-4.17,0.4317651
0.996,0.038873,-2.3754003,-4.17,-0.68333664
0.996,0.038906,2.3749032,-4.17,0.5270151
0.996,0.038919,-2.3747094,-4.17,-0.7963287
0.996,0.038932,2.3745099,-4.17,0.4479678
0.996,0.038951,-2.3742244,-4.17,-0.26987826
0.996,0.038992,-2.3736149,-4.18,-0.4694731
0.996,0.039057,-2.3726428,-4.18,-0.54250998
0.996,0.039063,-2.3725453,-4.18,-0.443811
0.996,0.039104,2.3719376,-4.18,0.4318588
0.996,0.039119,2.3717118,-4.18,1.11906104
0.996,0.039166,2.3710013,-4.18,0.60838132
0.996,0.039188,-2.3706693,-4.18,-0.7943501
0.996,0.039197,2.3705352,-4.18,0.9074258
0.996,0.039218,2.3702266,-4.18,0.43400184
0.996,0.039273,2.3694033,-4.18,0.8031416
0.996,0.039301,2.3689862,-4.18,0.48691174
0.996,0.039304,-2.3689401,-4.18,-0.46586188
0.996,0.039328,2.3685878,-4.18,0.49101624
0.996,0.039335,-2.3684793,-4.18,-0.51671238
0.996,0.039337,-2.3684577,-4.18,-0.97894448
0.996,0.039385,-2.3677451,-4.18,-0.63256654
0.996,0.039385,-2.3677368,-4.18,-0.96310886
0.996,0.039416,-2.367276,-4.18,-0.38302552
0.996,0.039418,-2.3672447,-4.18,-0.27060674
0.996,0.039448,2.3668115,-4.18,0.32741496
0.996,0.039494,2.3661149,-4.18,0.38435962
0.996,0.039501,2.3660136,-4.18,0.46927554
0.996,0.039516,-2.3657984,-4.18,-0.5203555
0.996,0.039533,2.3655484,-4.18,0.64531508
0.996,0.039534,2.3655316,-4.18,0.29457804
0.996,0.03954,-2.3654338,-4.18,-0.54923782
0.996,0.03955,-2.3652967,-4.18,-0.84677676
0.996,0.039559,2.3651533,-4.18,0.66379026
0.996,0.039562,2.3651113,-4.18,0.5478354
0.996,0.039569,2.3650073,-4.18,0.62360188
0.996,0.039576,2.3649088,-4.18,0.26736942
0.996,0.039659,2.3636867,-4.18,0.1796939
0.996,0.039668,2.3635536,-4.18,0.4057486
0.996,0.039681,2.3633604,-4.18,0.86967942
0.996,0.03973,2.362636,-4.18,0.3110021
0.996,0.039739,2.3624992,-4.18,0.21419042
0.996,0.039766,-2.3620991,-4.18,-0.88274104
0.996,0.039771,2.362029,-4.18,0.4079544
0.996,0.039804,-2.3615379,-4.18,-0.5802706
0.996,0.039819,2.3613279,-4.18,0.3147
0.996,0.039858,-2.360746,-4.18,-0.41350438
0.996,0.039882,2.3603961,-4.18,0.52275798
0.996,0.039891,-2.3602629,-4.18,-0.83682642
0.996,0.039923,2.359789,-4.18,0.22003322
0.996,0.039925,2.3597709,-4.18,0.5094416
0.996,0.039934,2.3596276,-4.18,0.25288304
0.996,0.039985,2.358885,-4.18,0.5638267
0.996,0.039995,-2.3587375,-4.18,-1.2067632
0.996,0.040052,-2.3579013,-4.18,-2.14760856
0.996,0.040067,2.3576906,-4.18,1.94583268
0.996,0.040072,-2.3576087,-4.18,-0.6411561
0.996,0.040119,-2.3569222,-4.18,-1.02598594
0.996,0.040127,-2.356816,-4.18,-0.75882788
0.996,0.040135,-2.3566944,-4.18,-0.36883856
0.996,0.040138,-2.3566457,-4.18,-0.64177452
0.996,0.040171,2.3561735,-4.18,0.28184518
0.996,0.0402,-2.3557416,-4.18,-0.8213116
0.996,0.040203,-2.3557004,-4.18,-0.4400374
0.996,0.04021,-2.3555956,-4.18,-0.5555097
0.996,0.040213,2.3555566,-4.18,0.34196018
0.996,0.04029,2.3544392,-4.18,0.35950246
0.996,0.040298,-2.3543242,-4.18,-0.54095352
0.996,0.040305,-2.3542131,-4.18,-0.47925738
0.996,0.040355,-2.3534856,-4.18,-0.79126646
0.996,0.040356,-2.353472,-4.18,-0.65123558
0.996,0.040385,-2.3530619,-4.18,-0.25369288
0.996,0.040457,2.3520176,-4.18,0.5490574
0.996,0.040462,2.3519451,-4.18,0.42895696
0.996,0.040467,2.3518668,-4.18,0.52393552
0.996,0.040477,-2.3517207,-4.18,-0.9882408
0.996,0.040495,-2.3514625,-4.18,-1.32903242
0.996,0.040496,2.3514408,-4.18,0.28697726
0.996,0.040497,2.3514301,-4.18,0.2309875
0.996,0.040515,-2.351169,-4.18,-0.63886196
0.996,0.040529,2.3509713,-4.18,0.2333306
0.996,0.040546,-2.3507291,-4.18,-0.48641436
0.996,0.040571,2.3503608,-4.18,0.5638799
0.996,0.040588,2.3501242,-4.18,1.43053584
0.996,0.040631,-2.3494914,-4.18,-0.83416408
0.996,0.040644,2.3493109,-4.18,1.20704096
0.996,0.040668,2.3489576,-4.18,0.72632258
0.996,0.040669,-2.3489435,-4.18,-0.54120194
0.996,0.040672,2.3489106,-4.18,0.51910944
0.996,0.040694,-2.3485898,-4.18,-0.43081114
0.996,0.040703,-2.3484526,-4.18,-0.29019894
0.996,0.040717,2.3482646,-4.18,0.5148734
0.996,0.040721,-2.3481954,-4.18,-0.2089345
0.996,0.040723,2.3481686,-4.18,0.28867892
0.996,0.040726,-2.3481323,-4.18,-0.41967658
0.996,0.040761,2.3476294,-4.18,0.62375274
0.996,0.04079,2.3472054,-4.18,0.57736562
0.996,0.040801,2.3470472,-4.18,0.44617234
0.996,0.040852,-2.3463138,-4.18,-2.10819262
0.996,0.040865,-2.3461259,-4.18,-0.29125138
0.996,0.040877,-2.3459583,-4.18,-0.42650838
0.996,0.040906,2.3455392,-4.18,0.2718133
0.996,0.040907,-2.3455338,-4.18,-0.29667694
0.996,0.040914,2.3454328,-4.18,0.44663212
0.996,0.04093,2.345207,-4.18,0.60207694
0.996,0.040933,2.3451504,-4.18,0.5324142
0.996,0.040944,-2.3449952,-4.18,-0.5874505
0.996,0.040965,2.3446983,-4.18,0.3961703
0.996,0.04097,-2.3446258,-4.18,-0.92254822
0.996,0.040993,-2.3442939,-4.18,-1.74249518
0.996,0.041026,-2.3438212,-4.18,-0.29731402
0.996,0.041033,-2.3437232,-4.18,-0.89220642
0.996,0.041039,2.3436431,-4.18,0.24837864
0.996,0.04106,-2.3433416,-4.19,-0.19140864
0.996,0.041095,2.3428449,-4.19,0.3485838
0.996,0.041097,2.3428159,-4.19,0.4398454
0.996,0.041105,-2.3427044,-4.19,-0.57937154
0.996,0.041105,-2.3426985,-4.19,-0.28619536
0.996,0.041123,-2.3424447,-4.19,-0.676645
0.996,0.041139,2.3422193,-4.19,0.21239608
0.996,0.041145,2.3421308,-4.19,0.30747152
0.996,0.041147,2.3421044,-4.19,0.3742225
0.996,0.041159,-2.3419266,-4.19,-0.28301436
0.996,0.041165,2.3418449,-4.19,0.32465462
0.996,0.041217,2.3410989,-4.19,0.4694781
0.996,0.041231,2.3409063,-4.19,0.6382406
0.996,0.041232,-2.3408889,-4.19,-0.45765246
0.996,0.041245,-2.3407027,-4.19,-0.7751126
0.996,0.041268,-2.340379,-4.19,-1.0485883
0.996,0.041284,-2.3401464,-4.19,-0.96422938
0.996,0.04129,2.3400733,-4.19,0.2026197
0.996,0.0413,-2.339929,-4.19,-0.38448244
0.996,0.041321,-2.3396228,-4.19,-0.4281854
0.996,0.041329,-2.3395118,-4.19,-0.70083792
0.996,0.041332,-2.339472,-4.19,-1.09319966
0.996,0.041354,2.3391596,-4.19,0.94359744
0.996,0.04136,2.3390728,-4.19,0.58097324
0.996,0.041362,-2.3390445,-4.19,-0.70582726
0.996,0.041371,-2.3389223,-4.19,-0.76994884
0.996,0.041374,2.33888,-4.19,0.30875898
0.996,0.041382,2.3387626,-4.19,0.23454126
0.996,0.041391,2.3386346,-4.19,0.2814242
0.996,0.041409,-2.338376,-4.19,-0.53372082
0.996,0.041414,-2.3383074,-4.19,-0.3483268
0.996,0.04146,2.3376536,-4.19,0.50466632
0.996,0.041509,-2.3369691,-4.19,-0.4144422
0.996,0.041517,-2.3368554,-4.19,-2.05259446
0.996,0.041517,2.3368509,-4.19,0.63638794
0.996,0.041578,2.3359908,-4.19,0.44738644
0.996,0.0416,-2.3356802,-4.19,-0.52350778
0.996,0.041615,2.3354654,-4.19,0.6021668
0.996,0.041644,2.3350615,-4.19,0.5759734
0.996,0.041655,-2.3349142,-4.19,-0.65503434
0.996,0.04167,2.3346902,-4.19,0.32276476
0.996,0.041672,-2.334663,-4.19,-0.8230408
0.996,0.041695,2.3343402,-4.19,0.45245576
0.996,0.041702,-2.3342531,-4.19,-0.2708913
0.996,0.041705,-2.3342078,-4.19,-0.54660472
0.996,0.041723,2.3339474,-4.19,0.66109962
0.996,0.041725,2.3339247,-4.19,0.4704228
0.996,0.041735,-2.3337829,-4.19,-0.837255
0.996,0.041737,2.3337596,-4.19,0.44956412
0.996,0.041737,2.3337528,-4.19,1.53671618
0.996,0.04175,2.3335702,-4.19,0.25125466
0.996,0.041756,2.333492,-4.19,0.48548872
0.996,0.041765,2.3333563,-4.19,0.35669344
0.996,0.041796,-2.332928,-4.19,-0.23671936
0.996,0.0418,2.332867,-4.19,0.22627894
0.996,0.041826,2.3325024,-4.19,0.24504674
0.996,0.041847,2.3322068,-4.19,0.55950506
0.996,0.041865,2.3319576,-4.19,0.83428136
0.996,0.041871,-2.331881,-4.19,-0.65673404
0.996,0.041931,-2.3310324,-4.19,-0.65603092
0.996,0.041944,-2.3308506,-4.19,-0.84291696
0.996,0.041978,2.3303811,-4.19,0.7454673
0.996,0.042031,-2.3296346,-4.19,-0.42525572
0.996,0.042036,2.3295707,-4.19,0.4058995
0.996,0.042041,2.3295001,-4.19,0.50012864
0.996,0.042081,-2.3289442,-4.19,-1.5682288
0.996,0.042094,2.3287589,-4.19,0.44982788
0.996,0.042112,-2.3285119,-4.19,-0.6488875
0.996,0.042127,-2.3282952,-4.19,-0.38015018
0.996,0.042136,-2.3281754,-4.19,-0.86114572
0.996,0.042168,2.3277292,-4.19,0.43717078
0.996,0.042171,-2.3276944,-4.19,-0.2736336
0.996,0.042173,2.3276607,-4.19,0.31283978
0.996,0.042205,-2.3272115,-4.19,-0.44998466
0.996,0.042236,-2.32678,-4.19,-0.4481137
0.996,0.042248,2.3266162,-4.19,0.61337732
0.996,0.042249,2.3266004,-4.19,0.61509482
0.996,0.042272,-2.3262823,-4.19,-0.79492382
0.996,0.042306,-2.3258121,-4.19,-0.63290172
0.996,0.042308,2.3257831,-4.19,0.41968276
0.996,0.042317,2.3256633,-4.19,0.30520276
0.996,0.042349,-2.3252203,-4.19,-1.24299044
0.996,0.042359,-2.3250821,-4.19,-0.4018014
0.996,0.042368,2.3249499,-4.19,0.43919564
0.996,0.04237,2.3249214,-4.19,0.62294502
0.996,0.042378,2.3248184,-4.19,0.5125204
0.996,0.042386,-2.3247019,-4.19,-0.8080861
0.996,0.042413,2.3243301,-4.19,0.4366707
0.996,0.042437,2.3240006,-4.19,0.56338292
0.996,0.042448,-2.3238461,-4.19,-1.37747404
0.996,0.042454,2.3237601,-4.19,0.38534966
0.996,0.042455,2.3237533,-4.19,1.12330022
0.996,0.042489,2.3232841,-4.19,0.5975358
0.996,0.042517,2.3228925,-4.19,0.4337153
0.996,0.042523,2.3228179,-4.19,0.70280692
0.996,0.042523,2.3228125,-4.19,0.4551994
0.996,0.042527,-2.3227558,-4.19,-0.69872696
0.996,0.042539,2.3225905,-4.19,0.37792928
0.996,0.042545,-2.3225084,-4.19,-0.75765152
0.996,0.042562,2.3222799,-4.19,0.35998834
0.996,0.042562,2.3222764,-4.19,0.42931232
0.996,0.042565,2.3222305,-4.19,0.27738818
0.996,0.04262,-2.3214824,-4.19,-0.6272775
0.996,0.042672,-2.320763,-4.19,-0.7134688
0.996,0.042718,2.3201303,-4.19,0.62760962
0.996,0.042736,2.319877,-4.19,0.4345263
0.996,0.042794,-2.319089,-4.19,-0.63360354
0.996,0.042797,-2.3190411,-4.19,-0.80892568
0.996,0.042824,2.3186733,-4.19,0.5348341
0.996,0.042826,-2.3186443,-4.19,-0.73993396
0.996,0.042869,2.3180641,-4.19,1.01054754
0.996,0.042908,-2.3175241,-4.19,-0.7344408
0.996,0.042936,2.3171361,-4.19,0.5691058
0.996,0.042986,2.316456,-4.19,0.59996874
0.996,0.04299,-2.3163985,-4.19,-0.50622618
0.996,0.043002,2.3162389,-4.19,0.70348518
0.996,0.043075,-2.3152414,-4.19,-0.54236316
0.996,0.043076,-2.3152343,-4.19,-0.6993888
0.996,0.043092,2.3150178,-4.19,0.21488958
0.996,0.0431,-2.3148996,-4.19,-0.6274456
0.996,0.04311,-2.3147657,-4.19,-0.63694486
0.996,0.043129,2.3145059,-4.19,0.4483563
0.996,0.043152,-2.3141934,-4.19,-0.93726796
0.996,0.043165,2.3140198,-4.19,0.2988656
0.996,0.043194,-2.313632,-4.2,-1.09088332
0.996,0.043223,-2.3132296,-4.2,-0.89221892
0.996,0.043331,2.3117638,-4.2,0.3115432
0.996,0.043332,2.3117533,-4.2,1.06147876
0.996,0.043334,-2.311733,-4.2,-0.76499306
0.996,0.043339,2.3116652,-4.2,0.5538236
0.996,0.043342,-2.3116251,-4.2,-1.24029062
0.996,0.043379,2.311124,-4.2,0.25339622
0.996,0.043395,-2.3109019,-4.2,-1.04534254
0.996,0.04346,2.310021,-4.2,0.32199444
0.996,0.043488,-2.3096523,-4.2,-0.23469132
0.996,0.043517,2.3092493,-4.2,1.59414292
0.996,0.043547,2.3088538,-4.2,0.4852044
0.996,0.04355,-2.3088115,-4.2,-0.59238532
0.996,0.043559,-2.3086848,-4.2,-0.377901
0.996,0.043594,2.3082116,-4.2,0.26361124
0.996,0.043615,2.3079288,-4.2,0.8808206
0.996,0.043624,2.3078168,-4.2,0.35532388
0.996,0.043626,2.3077842,-4.2,0.59912278
0.996,0.043626,2.3077837,-4.2,0.4435266
0.996,0.043633,2.3076857,-4.2,1.41415946
0.996,0.04368,-2.3070599,-4.2,-1.01906102
0.996,0.0437,-2.3067943,-4.2,-1.00227014
0.996,0.043703,-2.306747,-4.2,-0.65920922
0.996,0.043709,2.3066697,-4.2,0.6688349
0.996,0.043723,-2.3064798,-4.2,-0.5880002
0.996,0.043737,-2.3062998,-4.2,-0.3632423
0.996,0.043743,2.3062188,-4.2,0.6199063
0.996,0.043768,2.3058837,-4.2,1.07759836
0.996,0.043809,2.3053276,-4.2,0.21591176
0.996,0.04382,2.3051832,-4.2,0.6954834
0.996,0.043821,-2.3051683,-4.2,-0.4667596
0.996,0.043841,-2.3048957,-4.2,-0.27134366
0.996,0.043851,-2.3047609,-4.2,-0.87425104
0.996,0.043864,2.3045953,-4.2,0.31029854
0.996,0.043864,-2.3045943,-4.2,-0.54021812
0.996,0.043873,2.3044687,-4.2,0.4810492
0.996,0.043876,2.3044358,-4.2,0.37773964
0.996,0.043876,-2.3044308,-4.2,-0.5916381
0.996,0.04388,2.3043776,-4.2,1.01859356
0.996,0.043897,2.3041529,-4.2,0.6976817
0.996,0.0439,-2.3041097,-4.2,-0.50338786
0.996,0.043969,2.3031916,-4.2,0.23940502
0.996,0.043983,-2.3030026,-4.2,-0.51178034
0.996,0.043994,2.3028596,-4.2,0.58823612
0.996,0.043998,2.3028043,-4.2,0.4822042
0.996,0.044019,2.3025244,-4.2,1.30539538
0.996,0.044075,-2.3017768,-4.2,-0.2584955
0.996,0.044094,-2.3015241,-4.2,-0.74809514
0.996,0.044113,2.3012646,-4.2,0.23405598
0.996,0.044121,-2.3011595,-4.2,-0.26347172
0.996,0.044142,-2.3008839,-4.2,-0.5526506
0.996,0.044148,-2.3007983,-4.2,-0.48980732
0.996,0.044158,2.3006669,-4.2,0.66391478
0.996,0.044189,-2.3002571,-4.2,-0.99610298
0.996,0.044197,2.3001572,-4.2,0.32555562
0.996,0.044203,2.3000783,-4.2,0.3546326
0.996,0.04422,2.2998473,-4.2,0.32271044
0.996,0.044227,-2.2997546,-4.2,-1.12416138
0.996,0.044253,-2.2994045,-4.2,-0.32239302
0.996,0.044255,-2.2993791,-4.2,-0.59543494
0.996,0.044259,-2.299329,-4.2,-0.54866022
0.996,0.044273,2.2991362,-4.2,0.46168336
0.996,0.044278,2.2990782,-4.2,0.3633098
0.996,0.044286,2.2989765,-4.2,0.24633402
0.996,0.044302,-2.2987522,-4.2,-0.48649128
0.996,0.044308,2.2986823,-4.2,0.55038598
0.996,0.044316,-2.2985711,-4.2,-1.37474732
0.996,0.044321,-2.2985006,-4.2,-0.32353926
0.996,0.04434,-2.2982574,-4.2,-0.8408282
0.996,0.044353,2.2980835,-4.2,0.5335044
0.996,0.044367,2.2978928,-4.2,0.8347974
0.996,0.044405,2.2973937,-4.2,0.72977668
0.996,0.044482,2.2963799,-4.2,0.41531032
0.996,0.044502,-2.2961125,-4.2,-0.76756174
0.996,0.044508,-2.296027,-4.2,-0.21008604
0.996,0.044562,-2.2953278,-4.2,-0.37551328
0.996,0.04457,-2.295217,-4.2,-0.51928342
0.996,0.044596,2.2948751,-4.2,0.3634208
0.996,0.044602,-2.2947979,-4.2,-0.19610662
0.996,0.044605,2.2947568,-4.2,0.602798
0.996,0.044675,2.2938357,-4.2,0.21369156
0.996,0.044677,-2.2938093,-4.2,-1.46932216
0.996,0.04469,-2.2936427,-4.2,-0.56527566
0.996,0.044767,-2.2926307,-4.2,-1.46428194
0.996,0.044777,2.2924994,-4.2,0.26353342
0.996,0.044781,-2.2924434,-4.2,-0.8012273
0.996,0.044797,2.2922356,-4.2,0.401362
0.996,0.0448,-2.2921938,-4.2,-0.94094458
0.996,0.044801,-2.2921849,-4.2,-1.84205138
0.996,0.044819,-2.2919457,-4.2,-0.23423328
0.996,0.044824,2.2918807,-4.2,0.8331287
0.996,0.044918,2.2906531,-4.2,0.24218756
0.996,0.044955,2.2901638,-4.2,0.46649452
0.996,0.04496,-2.2900952,-4.2,-1.0287989
0.996,0.04497,2.2899681,-4.2,0.7488067
0.996,0.044984,-2.2897852,-4.2,-0.3435104
0.996,0.044987,-2.2897466,-4.2,-0.58099904
0.996,0.044991,2.289695,-4.2,0.4016646
0.996,0.045036,-2.2891068,-4.2,-0.3800073
0.996,0.045043,2.289015,-4.2,0.60369586
0.996,0.045057,2.2888333,-4.2,0.58296642
0.996,0.04508,-2.2885291,-4.2,-1.12401118
0.996,0.045084,2.2884741,-4.2,0.6470406
0.996,0.045091,2.288385,-4.2,1.27086828
0.996,0.045107,2.2881774,-4.2,0.465732
0.996,0.045112,2.2881132,-4.2,0.5899331
0.996,0.045146,2.2876691,-4.2,0.4351902
0.996,0.045193,-2.2870598,-4.2,-1.18888694
0.996,0.045212,-2.2868119,-4.2,-0.24958394
0.996,0.045223,2.2866648,-4.2,0.32154032
0.996,0.045227,2.2866138,-4.2,0.42138494
0.996,0.045227,2.2866138,-4.2,0.4396499
0.996,0.045233,-2.2865452,-4.2,-0.70373936
0.996,0.045271,2.2860423,-4.2,0.55036376
0.996,0.045347,-2.2850663,-4.2,-0.4293518
0.996,0.045347,-2.2850647,-4.2,-0.41823732
0.996,0.045403,2.2843312,-4.2,0.5442069
0.996,0.045406,2.2842953,-4.2,0.25607874
0.996,0.045407,-2.2842786,-4.2,-0.96882162
0.996,0.045419,-2.2841351,-4.2,-0.4330148
0.996,0.045429,2.2840035,-4.2,0.53174588
0.996,0.045456,2.283645,-4.21,0.5330317
0.996,0.045468,-2.2834954,-4.21,-0.33912014
0.996,0.045471,2.2834537,-4.21,0.35909768
0.996,0.04548,-2.2833427,-4.21,-0.63640556
0.996,0.045507,2.282987,-4.21,0.33753776
0.996,0.045518,-2.2828523,-4.21,-0.2328464
0.996,0.045544,-2.2825145,-4.21,-0.7514591
0.996,0.045579,2.2820589,-4.21,0.44673728
0.996,0.045617,2.2815749,-4.21,0.43207768
0.996,0.045678,-2.280794,-4.21,-0.45363312
0.996,0.045686,2.2806906,-4.21,0.2727361
0.996,0.045702,2.2804829,-4.21,2.29068182
0.996,0.045765,2.2796743,-4.21,0.17799518
0.996,0.045833,-2.2787995,-4.21,-0.41641564
0.996,0.045852,2.2785533,-4.21,0.50943698
0.996,0.045854,2.2785242,-4.21,0.7303944
0.996,0.045905,-2.2778788,-4.21,-1.14125354
0.996,0.04595,2.2772958,-4.21,0.94291624
0.996,0.045972,-2.2770178,-4.21,-0.253441
0.996,0.04602,-2.2764068,-4.21,-2.01916072
0.996,0.046055,-2.2759519,-4.21,-0.52617782
0.996,0.046062,2.2758642,-4.21,0.2706425
0.996,0.046064,-2.2758352,-4.21,-0.51054518